Workbook

Sheet R5
A2: Durchbiegung | C2: a0 = | D2: =INTERCEPT(D7:D1381,B7:B1381) -> 7.7146832e-06 | G2: Widerstand 101
C3: a1 = | D3: =SLOPE(D7:D1381,B7:B1381) -> 0.0089565236 | H3: -4.7
A5: Zeit | B5: Pos | C5: Kraft | D5: DR / R | E5: DR / R mionus Gerade | G5: Zeit | H5: Zeit (korr) | I5: DR / R | J5: Widerstand
A6: [s] | B6: [mm] | C6: [N] | G6: [s] | H6: [s] | J6: [W]
A7: =Messdaten!B6 -> 0.02 | B7: =Messdaten!C6 -> 0 | C7: =Messdaten!D6 -> 0.011 | D7: =INDIRECT(ADDRESS(ROW($H$6)+MATCH($A7,$H$7:$H$193,1),COLUMN($H7)+1))+(INDIRECT(ADDRESS(ROW($H$6)+MATCH($A7,$H$7:$H$193,1)+1,COLUMN($H7)+1))-INDIRECT(ADDRESS(ROW($H$6)+MATCH($A7,$H$7:$H$193,1),COLUMN($H7)+1)))*($A7-INDIRECT(ADDRESS(ROW($H$6)+MATCH($A7,$H$7:$H$193,1),COLUMN($H7))))/(INDIRECT(ADDRESS(ROW($H$6)+MATCH($A7,$H$7:$H$193,1)+1,COLUMN($H7)))-INDIRECT(ADDRESS(ROW($H$6)+MATCH($A7,$H$7:$H$193,1),COLUMN($H7)))) -> 2.5168886e-06 | E7: =D7-$D$2-$D$3*B7 -> -5.1977946e-06 | G7: =Messdaten!G6 -> 0.161 | H7: =G7+$H$3 -> -4.539 | I7: =(J7-J$7)/J$7 -> 0 | J7: =Messdaten!F5 -> 7246.4194
A8: =Messdaten!B7 -> 0.04 | B8: =Messdaten!C7 -> 0 | C8: =Messdaten!D7 -> 0.011 | D8: =INDIRECT(ADDRESS(ROW($H$6)+MATCH($A8,$H$7:$H$193,1),COLUMN($H8)+1))+(INDIRECT(ADDRESS(ROW($H$6)+MATCH($A8,$H$7:$H$193,1)+1,COLUMN($H8)+1))-INDIRECT(ADDRESS(ROW($H$6)+MATCH($A8,$H$7:$H$193,1),COLUMN($H8)+1)))*($A8-INDIRECT(ADDRESS(ROW($H$6)+MATCH($A8,$H$7:$H$193,1),COLUMN($H8))))/(INDIRECT(ADDRESS(ROW($H$6)+MATCH($A8,$H$7:$H$193,1)+1,COLUMN($H8)))-INDIRECT(ADDRESS(ROW($H$6)+MATCH($A8,$H$7:$H$193,1),COLUMN($H8)))) -> 2.5873323e-06 | E8: =D8-$D$2-$D$3*B8 -> -5.1273508e-06 | G8: =Messdaten!G7 -> 0.333 | H8: =G8+$H$3 -> -4.367 | I8: =(J8-J$7)/J$7 -> 4.6505726e-06 | J8: =Messdaten!F6 -> 7246.4531
A9: =Messdaten!B8 -> 0.06 | B9: =Messdaten!C8 -> 0 | C9: =Messdaten!D8 -> 0.017 | D9: =INDIRECT(ADDRESS(ROW($H$6)+MATCH($A9,$H$7:$H$193,1),COLUMN($H9)+1))+(INDIRECT(ADDRESS(ROW($H$6)+MATCH($A9,$H$7:$H$193,1)+1,COLUMN($H9)+1))-INDIRECT(ADDRESS(ROW($H$6)+MATCH($A9,$H$7:$H$193,1),COLUMN($H9)+1)))*($A9-INDIRECT(ADDRESS(ROW($H$6)+MATCH($A9,$H$7:$H$193,1),COLUMN($H9))))/(INDIRECT(ADDRESS(ROW($H$6)+MATCH($A9,$H$7:$H$193,1)+1,COLUMN($H9)))-INDIRECT(ADDRESS(ROW($H$6)+MATCH($A9,$H$7:$H$193,1),COLUMN($H9)))) -> 2.6577761e-06 | E9: =D9-$D$2-$D$3*B9 -> -5.0569071e-06 | G9: =Messdaten!G8 -> 0.505 | H9: =G9+$H$3 -> -4.195 | I9: =(J9-J$7)/J$7 -> 4.9872907e-06 | J9: =Messdaten!F7 -> 7246.4556
A10: =Messdaten!B9 -> 0.08 | B10: =Messdaten!C9 -> 0 | C10: =Messdaten!D9 -> 0.011 | D10: =INDIRECT(ADDRESS(ROW($H$6)+MATCH($A10,$H$7:$H$193,1),COLUMN($H10)+1))+(INDIRECT(ADDRESS(ROW($H$6)+MATCH($A10,$H$7:$H$193,1)+1,COLUMN($H10)+1))-INDIRECT(ADDRESS(ROW($H$6)+MATCH($A10,$H$7:$H$193,1),COLUMN($H10)+1)))*($A10-INDIRECT(ADDRESS(ROW($H$6)+MATCH($A10,$H$7:$H$193,1),COLUMN($H10))))/(INDIRECT(ADDRESS(ROW($H$6)+MATCH($A10,$H$7:$H$193,1)+1,COLUMN($H10)))-INDIRECT(ADDRESS(ROW($H$6)+MATCH($A10,$H$7:$H$193,1),COLUMN($H10)))) -> 2.7282199e-06 | E10: =D10-$D$2-$D$3*B10 -> -4.9864633e-06 | G10: =Messdaten!G9 -> 0.677 | H10: =G10+$H$3 -> -4.023 | I10: =(J10-J$7)/J$7 -> 4.246235e-06 | J10: =Messdaten!F8 -> 7246.4502
A11: =Messdaten!B10 -> 0.1 | B11: =Messdaten!C10 -> 0 | C11: =Messdaten!D10 -> 0.022 | D11: =INDIRECT(ADDRESS(ROW($H$6)+MATCH($A11,$H$7:$H$193,1),COLUMN($H11)+1))+(INDIRECT(ADDRESS(ROW($H$6)+MATCH($A11,$H$7:$H$193,1)+1,COLUMN($H11)+1))-INDIRECT(ADDRESS(ROW($H$6)+MATCH($A11,$H$7:$H$193,1),COLUMN($H11)+1)))*($A11-INDIRECT(ADDRESS(ROW($H$6)+MATCH($A11,$H$7:$H$193,1),COLUMN($H11))))/(INDIRECT(ADDRESS(ROW($H$6)+MATCH($A11,$H$7:$H$193,1)+1,COLUMN($H11)))-INDIRECT(ADDRESS(ROW($H$6)+MATCH($A11,$H$7:$H$193,1),COLUMN($H11)))) -> 2.7986637e-06 | E11: =D11-$D$2-$D$3*B11 -> -4.9160195e-06 | G11: =Messdaten!G10 -> 0.849 | H11: =G11+$H$3 -> -3.851 | I11: =(J11-J$7)/J$7 -> 4.7844319e-06 | J11: =Messdaten!F9 -> 7246.4541
A12: =Messdaten!B11 -> 0.12 | B12: =Messdaten!C11 -> 0 | C12: =Messdaten!D11 -> 0.017 | D12: =INDIRECT(ADDRESS(ROW($H$6)+MATCH($A12,$H$7:$H$193,1),COLUMN($H12)+1))+(INDIRECT(ADDRESS(ROW($H$6)+MATCH($A12,$H$7:$H$193,1)+1,COLUMN($H12)+1))-INDIRECT(ADDRESS(ROW($H$6)+MATCH($A12,$H$7:$H$193,1),COLUMN($H12)+1)))*($A12-INDIRECT(ADDRESS(ROW($H$6)+MATCH($A12,$H$7:$H$193,1),COLUMN($H12))))/(INDIRECT(ADDRESS(ROW($H$6)+MATCH($A12,$H$7:$H$193,1)+1,COLUMN($H12)))-INDIRECT(ADDRESS(ROW($H$6)+MATCH($A12,$H$7:$H$193,1),COLUMN($H12)))) -> 2.6451155e-06 | E12: =D12-$D$2-$D$3*B12 -> -5.0695677e-06 | G12: =Messdaten!G11 -> 1.022 | H12: =G12+$H$3 -> -3.678 | I12: =(J12-J$7)/J$7 -> 5.7959659e-06 | J12: =Messdaten!F10 -> 7246.4614
A13: =Messdaten!B12 -> 0.14 | B13: =Messdaten!C12 -> 0 | C13: =Messdaten!D12 -> 0.011 | D13: =INDIRECT(ADDRESS(ROW($H$6)+MATCH($A13,$H$7:$H$193,1),COLUMN($H13)+1))+(INDIRECT(ADDRESS(ROW($H$6)+MATCH($A13,$H$7:$H$193,1)+1,COLUMN($H13)+1))-INDIRECT(ADDRESS(ROW($H$6)+MATCH($A13,$H$7:$H$193,1),COLUMN($H13)+1)))*($A13-INDIRECT(ADDRESS(ROW($H$6)+MATCH($A13,$H$7:$H$193,1),COLUMN($H13))))/(INDIRECT(ADDRESS(ROW($H$6)+MATCH($A13,$H$7:$H$193,1)+1,COLUMN($H13)))-INDIRECT(ADDRESS(ROW($H$6)+MATCH($A13,$H$7:$H$193,1),COLUMN($H13)))) -> 2.3083012e-06 | E13: =D13-$D$2-$D$3*B13 -> -5.406382e-06 | G13: =Messdaten!G12 -> 1.194 | H13: =G13+$H$3 -> -3.506 | I13: =(J13-J$7)/J$7 -> 2.2921665e-06 | J13: =Messdaten!F11 -> 7246.436
A14: =Messdaten!B13 -> 0.16 | B14: =Messdaten!C13 -> 0 | C14: =Messdaten!D13 -> 0.011 | D14: =INDIRECT(ADDRESS(ROW($H$6)+MATCH($A14,$H$7:$H$193,1),COLUMN($H14)+1))+(INDIRECT(ADDRESS(ROW($H$6)+MATCH($A14,$H$7:$H$193,1)+1,COLUMN($H14)+1))-INDIRECT(ADDRESS(ROW($H$6)+MATCH($A14,$H$7:$H$193,1),COLUMN($H14)+1)))*($A14-INDIRECT(ADDRESS(ROW($H$6)+MATCH($A14,$H$7:$H$193,1),COLUMN($H14))))/(INDIRECT(ADDRESS(ROW($H$6)+MATCH($A14,$H$7:$H$193,1)+1,COLUMN($H14)))-INDIRECT(ADDRESS(ROW($H$6)+MATCH($A14,$H$7:$H$193,1),COLUMN($H14)))) -> 1.9714869e-06 | E14: =D14-$D$2-$D$3*B14 -> -5.7431963e-06 | G14: =Messdaten!G13 -> 1.366 | H14: =G14+$H$3 -> -3.334 | I14: =(J14-J$7)/J$7 -> 4.1109958e-06 | J14: =Messdaten!F12 -> 7246.4492
A15: =Messdaten!B14 -> 0.18 | B15: =Messdaten!C14 -> 0 | C15: =Messdaten!D14 -> 0.011 | D15: =INDIRECT(ADDRESS(ROW($H$6)+MATCH($A15,$H$7:$H$193,1),COLUMN($H15)+1))+(INDIRECT(ADDRESS(ROW($H$6)+MATCH($A15,$H$7:$H$193,1)+1,COLUMN($H15)+1))-INDIRECT(ADDRESS(ROW($H$6)+MATCH($A15,$H$7:$H$193,1),COLUMN($H15)+1)))*($A15-INDIRECT(ADDRESS(ROW($H$6)+MATCH($A15,$H$7:$H$193,1),COLUMN($H15))))/(INDIRECT(ADDRESS(ROW($H$6)+MATCH($A15,$H$7:$H$193,1)+1,COLUMN($H15)))-INDIRECT(ADDRESS(ROW($H$6)+MATCH($A15,$H$7:$H$193,1),COLUMN($H15)))) -> 1.6346726e-06 | E15: =D15-$D$2-$D$3*B15 -> -6.0800106e-06 | G15: =Messdaten!G14 -> 1.538 | H15: =G15+$H$3 -> -3.162 | I15: =(J15-J$7)/J$7 -> 3.9757566e-06 | J15: =Messdaten!F13 -> 7246.4482
A16: =Messdaten!B15 -> 0.2 | B16: =Messdaten!C15 -> 0 | C16: =Messdaten!D15 -> 0.017 | D16: =INDIRECT(ADDRESS(ROW($H$6)+MATCH($A16,$H$7:$H$193,1),COLUMN($H16)+1))+(INDIRECT(ADDRESS(ROW($H$6)+MATCH($A16,$H$7:$H$193,1)+1,COLUMN($H16)+1))-INDIRECT(ADDRESS(ROW($H$6)+MATCH($A16,$H$7:$H$193,1),COLUMN($H16)+1)))*($A16-INDIRECT(ADDRESS(ROW($H$6)+MATCH($A16,$H$7:$H$193,1),COLUMN($H16))))/(INDIRECT(ADDRESS(ROW($H$6)+MATCH($A16,$H$7:$H$193,1)+1,COLUMN($H16)))-INDIRECT(ADDRESS(ROW($H$6)+MATCH($A16,$H$7:$H$193,1),COLUMN($H16)))) -> 1.2978583e-06 | E16: =D16-$D$2-$D$3*B16 -> -6.4168249e-06 | G16: =Messdaten!G15 -> 1.71 | H16: =G16+$H$3 -> -2.99 | I16: =(J16-J$7)/J$7 -> 6.469402e-06 | J16: =Messdaten!F14 -> 7246.4663
A17: =Messdaten!B16 -> 0.22 | B17: =Messdaten!C16 -> 0 | C17: =Messdaten!D16 -> 0 | D17: =INDIRECT(ADDRESS(ROW($H$6)+MATCH($A17,$H$7:$H$193,1),COLUMN($H17)+1))+(INDIRECT(ADDRESS(ROW($H$6)+MATCH($A17,$H$7:$H$193,1)+1,COLUMN($H17)+1))-INDIRECT(ADDRESS(ROW($H$6)+MATCH($A17,$H$7:$H$193,1),COLUMN($H17)+1)))*($A17-INDIRECT(ADDRESS(ROW($H$6)+MATCH($A17,$H$7:$H$193,1),COLUMN($H17))))/(INDIRECT(ADDRESS(ROW($H$6)+MATCH($A17,$H$7:$H$193,1)+1,COLUMN($H17)))-INDIRECT(ADDRESS(ROW($H$6)+MATCH($A17,$H$7:$H$193,1),COLUMN($H17)))) -> 9.61044e-07 | E17: =D17-$D$2-$D$3*B17 -> -6.7536392e-06 | G17: =Messdaten!G16 -> 1.882 | H17: =G17+$H$3 -> -2.818 | I17: =(J17-J$7)/J$7 -> 4.6505726e-06 | J17: =Messdaten!F15 -> 7246.4531
A18: =Messdaten!B17 -> 0.24 | B18: =Messdaten!C17 -> 0 | C18: =Messdaten!D17 -> 0.011 | D18: =INDIRECT(ADDRESS(ROW($H$6)+MATCH($A18,$H$7:$H$193,1),COLUMN($H18)+1))+(INDIRECT(ADDRESS(ROW($H$6)+MATCH($A18,$H$7:$H$193,1)+1,COLUMN($H18)+1))-INDIRECT(ADDRESS(ROW($H$6)+MATCH($A18,$H$7:$H$193,1),COLUMN($H18)+1)))*($A18-INDIRECT(ADDRESS(ROW($H$6)+MATCH($A18,$H$7:$H$193,1),COLUMN($H18))))/(INDIRECT(ADDRESS(ROW($H$6)+MATCH($A18,$H$7:$H$193,1)+1,COLUMN($H18)))-INDIRECT(ADDRESS(ROW($H$6)+MATCH($A18,$H$7:$H$193,1),COLUMN($H18)))) -> 6.242297e-07 | E18: =D18-$D$2-$D$3*B18 -> -7.0904535e-06 | G18: =Messdaten!G17 -> 2.054 | H18: =G18+$H$3 -> -2.646 | I18: =(J18-J$7)/J$7 -> 3.908137e-06 | J18: =Messdaten!F16 -> 7246.4478
... A189: =Messdaten!B188 -> 3.66 | B189: =Messdaten!C188 -> -0.16983 | C189: =Messdaten!D188 -> -1.161 | D189: =INDIRECT(ADDRESS(ROW($H$6)+MATCH($A189,$H$7:$H$193,1),COLUMN($H189)+1))+(INDIRECT(ADDRESS(ROW($H$6)+MATCH($A189,$H$7:$H$193,1)+1,COLUMN($H189)+1))-INDIRECT(ADDRESS(ROW($H$6)+MATCH($A189,$H$7:$H$193,1),COLUMN($H189)+1)))*($A189-INDIRECT(ADDRESS(ROW($H$6)+MATCH($A189,$H$7:$H$193,1),COLUMN($H189))))/(INDIRECT(ADDRESS(ROW($H$6)+MATCH($A189,$H$7:$H$193,1)+1,COLUMN($H189)))-INDIRECT(ADDRESS(ROW($H$6)+MATCH($A189,$H$7:$H$193,1),COLUMN($H189)))) -> -0.0015030853 | E189: =D189-$D$2-$D$3*B189 -> 1.0286467e-05 | G189: =Messdaten!G188 -> 31.422 | H189: =G189+$H$3 -> 26.722 | I189: =(J189-J$7)/J$7 -> 5.5254875e-06 | J189: =Messdaten!F187 -> 7246.4595
A190: =Messdaten!B189 -> 3.68 | B190: =Messdaten!C189 -> -0.17083 | C190: =Messdaten!D189 -> -1.178 | D190: =INDIRECT(ADDRESS(ROW($H$6)+MATCH($A190,$H$7:$H$193,1),COLUMN($H190)+1))+(INDIRECT(ADDRESS(ROW($H$6)+MATCH($A190,$H$7:$H$193,1)+1,COLUMN($H190)+1))-INDIRECT(ADDRESS(ROW($H$6)+MATCH($A190,$H$7:$H$193,1),COLUMN($H190)+1)))*($A190-INDIRECT(ADDRESS(ROW($H$6)+MATCH($A190,$H$7:$H$193,1),COLUMN($H190))))/(INDIRECT(ADDRESS(ROW($H$6)+MATCH($A190,$H$7:$H$193,1)+1,COLUMN($H190)))-INDIRECT(ADDRESS(ROW($H$6)+MATCH($A190,$H$7:$H$193,1),COLUMN($H190)))) -> -0.0015117746 | E190: =D190-$D$2-$D$3*B190 -> 1.0553695e-05
A191: =Messdaten!B190 -> 3.7 | B191: =Messdaten!C190 -> -0.17184 | C191: =Messdaten!D190 -> -1.184 | D191: =INDIRECT(ADDRESS(ROW($H$6)+MATCH($A191,$H$7:$H$193,1),COLUMN($H191)+1))+(INDIRECT(ADDRESS(ROW($H$6)+MATCH($A191,$H$7:$H$193,1)+1,COLUMN($H191)+1))-INDIRECT(ADDRESS(ROW($H$6)+MATCH($A191,$H$7:$H$193,1),COLUMN($H191)+1)))*($A191-INDIRECT(ADDRESS(ROW($H$6)+MATCH($A191,$H$7:$H$193,1),COLUMN($H191))))/(INDIRECT(ADDRESS(ROW($H$6)+MATCH($A191,$H$7:$H$193,1)+1,COLUMN($H191)))-INDIRECT(ADDRESS(ROW($H$6)+MATCH($A191,$H$7:$H$193,1),COLUMN($H191)))) -> -0.0015204638 | E191: =D191-$D$2-$D$3*B191 -> 1.0910489e-05
A192: =Messdaten!B191 -> 3.72 | B192: =Messdaten!C191 -> -0.17288 | C192: =Messdaten!D191 -> -1.184 | D192: =INDIRECT(ADDRESS(ROW($H$6)+MATCH($A192,$H$7:$H$193,1),COLUMN($H192)+1))+(INDIRECT(ADDRESS(ROW($H$6)+MATCH($A192,$H$7:$H$193,1)+1,COLUMN($H192)+1))-INDIRECT(ADDRESS(ROW($H$6)+MATCH($A192,$H$7:$H$193,1),COLUMN($H192)+1)))*($A192-INDIRECT(ADDRESS(ROW($H$6)+MATCH($A192,$H$7:$H$193,1),COLUMN($H192))))/(INDIRECT(ADDRESS(ROW($H$6)+MATCH($A192,$H$7:$H$193,1)+1,COLUMN($H192)))-INDIRECT(ADDRESS(ROW($H$6)+MATCH($A192,$H$7:$H$193,1),COLUMN($H192)))) -> -0.0015291531 | E192: =D192-$D$2-$D$3*B192 -> 1.1535978e-05
A193: =Messdaten!B192 -> 3.74 | B193: =Messdaten!C192 -> -0.17384 | C193: =Messdaten!D192 -> -1.195 | D193: =INDIRECT(ADDRESS(ROW($H$6)+MATCH($A193,$H$7:$H$193,1),COLUMN($H193)+1))+(INDIRECT(ADDRESS(ROW($H$6)+MATCH($A193,$H$7:$H$193,1)+1,COLUMN($H193)+1))-INDIRECT(ADDRESS(ROW($H$6)+MATCH($A193,$H$7:$H$193,1),COLUMN($H193)+1)))*($A193-INDIRECT(ADDRESS(ROW($H$6)+MATCH($A193,$H$7:$H$193,1),COLUMN($H193))))/(INDIRECT(ADDRESS(ROW($H$6)+MATCH($A193,$H$7:$H$193,1)+1,COLUMN($H193)))-INDIRECT(ADDRESS(ROW($H$6)+MATCH($A193,$H$7:$H$193,1),COLUMN($H193)))) -> -0.001538202 | E193: =D193-$D$2-$D$3*B193 -> 1.1085409e-05
A194: =Messdaten!B193 -> 3.76 | B194: =Messdaten!C193 -> -0.17485 | C194: =Messdaten!D193 -> -1.2 | D194: =INDIRECT(ADDRESS(ROW($H$6)+MATCH($A194,$H$7:$H$193,1),COLUMN($H194)+1))+(INDIRECT(ADDRESS(ROW($H$6)+MATCH($A194,$H$7:$H$193,1)+1,COLUMN($H194)+1))-INDIRECT(ADDRESS(ROW($H$6)+MATCH($A194,$H$7:$H$193,1),COLUMN($H194)+1)))*($A194-INDIRECT(ADDRESS(ROW($H$6)+MATCH($A194,$H$7:$H$193,1),COLUMN($H194))))/(INDIRECT(ADDRESS(ROW($H$6)+MATCH($A194,$H$7:$H$193,1)+1,COLUMN($H194)))-INDIRECT(ADDRESS(ROW($H$6)+MATCH($A194,$H$7:$H$193,1),COLUMN($H194)))) -> -0.0015473143 | E194: =D194-$D$2-$D$3*B194 -> 1.1019219e-05
A195: =Messdaten!B194 -> 3.78 | B195: =Messdaten!C194 -> -0.17589 | C195: =Messdaten!D194 -> -1.212 | D195: =INDIRECT(ADDRESS(ROW($H$6)+MATCH($A195,$H$7:$H$193,1),COLUMN($H195)+1))+(INDIRECT(ADDRESS(ROW($H$6)+MATCH($A195,$H$7:$H$193,1)+1,COLUMN($H195)+1))-INDIRECT(ADDRESS(ROW($H$6)+MATCH($A195,$H$7:$H$193,1),COLUMN($H195)+1)))*($A195-INDIRECT(ADDRESS(ROW($H$6)+MATCH($A195,$H$7:$H$193,1),COLUMN($H195))))/(INDIRECT(ADDRESS(ROW($H$6)+MATCH($A195,$H$7:$H$193,1)+1,COLUMN($H195)))-INDIRECT(ADDRESS(ROW($H$6)+MATCH($A195,$H$7:$H$193,1),COLUMN($H195)))) -> -0.0015564265 | E195: =D195-$D$2-$D$3*B195 -> 1.1221724e-05
A196: =Messdaten!B195 -> 3.8 | B196: =Messdaten!C195 -> -0.17689 | C196: =Messdaten!D195 -> -1.212 | D196: =INDIRECT(ADDRESS(ROW($H$6)+MATCH($A196,$H$7:$H$193,1),COLUMN($H196)+1))+(INDIRECT(ADDRESS(ROW($H$6)+MATCH($A196,$H$7:$H$193,1)+1,COLUMN($H196)+1))-INDIRECT(ADDRESS(ROW($H$6)+MATCH($A196,$H$7:$H$193,1),COLUMN($H196)+1)))*($A196-INDIRECT(ADDRESS(ROW($H$6)+MATCH($A196,$H$7:$H$193,1),COLUMN($H196))))/(INDIRECT(ADDRESS(ROW($H$6)+MATCH($A196,$H$7:$H$193,1)+1,COLUMN($H196)))-INDIRECT(ADDRESS(ROW($H$6)+MATCH($A196,$H$7:$H$193,1),COLUMN($H196)))) -> -0.0015655388 | E196: =D196-$D$2-$D$3*B196 -> 1.1065969e-05
A197: =Messdaten!B196 -> 3.82 | B197: =Messdaten!C196 -> -0.17789 | C197: =Messdaten!D196 -> -1.228 | D197: =INDIRECT(ADDRESS(ROW($H$6)+MATCH($A197,$H$7:$H$193,1),COLUMN($H197)+1))+(INDIRECT(ADDRESS(ROW($H$6)+MATCH($A197,$H$7:$H$193,1)+1,COLUMN($H197)+1))-INDIRECT(ADDRESS(ROW($H$6)+MATCH($A197,$H$7:$H$193,1),COLUMN($H197)+1)))*($A197-INDIRECT(ADDRESS(ROW($H$6)+MATCH($A197,$H$7:$H$193,1),COLUMN($H197))))/(INDIRECT(ADDRESS(ROW($H$6)+MATCH($A197,$H$7:$H$193,1)+1,COLUMN($H197)))-INDIRECT(ADDRESS(ROW($H$6)+MATCH($A197,$H$7:$H$193,1),COLUMN($H197)))) -> -0.0015746511 | E197: =D197-$D$2-$D$3*B197 -> 1.0910214e-05
A198: =Messdaten!B197 -> 3.84 | B198: =Messdaten!C197 -> -0.17886 | C198: =Messdaten!D197 -> -1.234 | D198: =INDIRECT(ADDRESS(ROW($H$6)+MATCH($A198,$H$7:$H$193,1),COLUMN($H198)+1))+(INDIRECT(ADDRESS(ROW($H$6)+MATCH($A198,$H$7:$H$193,1)+1,COLUMN($H198)+1))-INDIRECT(ADDRESS(ROW($H$6)+MATCH($A198,$H$7:$H$193,1),COLUMN($H198)+1)))*($A198-INDIRECT(ADDRESS(ROW($H$6)+MATCH($A198,$H$7:$H$193,1),COLUMN($H198))))/(INDIRECT(ADDRESS(ROW($H$6)+MATCH($A198,$H$7:$H$193,1)+1,COLUMN($H198)))-INDIRECT(ADDRESS(ROW($H$6)+MATCH($A198,$H$7:$H$193,1),COLUMN($H198)))) -> -0.0015837634 | E198: =D198-$D$2-$D$3*B198 -> 1.0485763e-05
A199: =Messdaten!B198 -> 3.86 | B199: =Messdaten!C198 -> -0.1799 | C199: =Messdaten!D198 -> -1.234 | D199: =INDIRECT(ADDRESS(ROW($H$6)+MATCH($A199,$H$7:$H$193,1),COLUMN($H199)+1))+(INDIRECT(ADDRESS(ROW($H$6)+MATCH($A199,$H$7:$H$193,1)+1,COLUMN($H199)+1))-INDIRECT(ADDRESS(ROW($H$6)+MATCH($A199,$H$7:$H$193,1),COLUMN($H199)+1)))*($A199-INDIRECT(ADDRESS(ROW($H$6)+MATCH($A199,$H$7:$H$193,1),COLUMN($H199))))/(INDIRECT(ADDRESS(ROW($H$6)+MATCH($A199,$H$7:$H$193,1)+1,COLUMN($H199)))-INDIRECT(ADDRESS(ROW($H$6)+MATCH($A199,$H$7:$H$193,1),COLUMN($H199)))) -> -0.0015928756 | E199: =D199-$D$2-$D$3*B199 -> 1.0688268e-05
A200: =Messdaten!B199 -> 3.88 | B200: =Messdaten!C199 -> -0.18086 | C200: =Messdaten!D199 -> -1.251 | D200: =INDIRECT(ADDRESS(ROW($H$6)+MATCH($A200,$H$7:$H$193,1),COLUMN($H200)+1))+(INDIRECT(ADDRESS(ROW($H$6)+MATCH($A200,$H$7:$H$193,1)+1,COLUMN($H200)+1))-INDIRECT(ADDRESS(ROW($H$6)+MATCH($A200,$H$7:$H$193,1),COLUMN($H200)+1)))*($A200-INDIRECT(ADDRESS(ROW($H$6)+MATCH($A200,$H$7:$H$193,1),COLUMN($H200))))/(INDIRECT(ADDRESS(ROW($H$6)+MATCH($A200,$H$7:$H$193,1)+1,COLUMN($H200)))-INDIRECT(ADDRESS(ROW($H$6)+MATCH($A200,$H$7:$H$193,1),COLUMN($H200)))) -> -0.0016019879 | E200: =D200-$D$2-$D$3*B200 -> 1.0174252e-05
A201: =Messdaten!B200 -> 3.9 | B201: =Messdaten!C200 -> -0.18183 | C201: =Messdaten!D200 -> -1.234 | D201: =INDIRECT(ADDRESS(ROW($H$6)+MATCH($A201,$H$7:$H$193,1),COLUMN($H201)+1))+(INDIRECT(ADDRESS(ROW($H$6)+MATCH($A201,$H$7:$H$193,1)+1,COLUMN($H201)+1))-INDIRECT(ADDRESS(ROW($H$6)+MATCH($A201,$H$7:$H$193,1),COLUMN($H201)+1)))*($A201-INDIRECT(ADDRESS(ROW($H$6)+MATCH($A201,$H$7:$H$193,1),COLUMN($H201))))/(INDIRECT(ADDRESS(ROW($H$6)+MATCH($A201,$H$7:$H$193,1)+1,COLUMN($H201)))-INDIRECT(ADDRESS(ROW($H$6)+MATCH($A201,$H$7:$H$193,1),COLUMN($H201)))) -> -0.0016110831 | E201: =D201-$D$2-$D$3*B201 -> 9.7668777e-06
... A1381: =Messdaten!B1380 -> 27.5 | B1381: =Messdaten!C1380 -> 0 | C1381: =Messdaten!D1380 -> 0.005 | D1381: =INDIRECT(ADDRESS(ROW($H$6)+MATCH($A1381,$H$7:$H$193,1),COLUMN($H1381)+1))+(INDIRECT(ADDRESS(ROW($H$6)+MATCH($A1381,$H$7:$H$193,1)+1,COLUMN($H1381)+1))-INDIRECT(ADDRESS(ROW($H$6)+MATCH($A1381,$H$7:$H$193,1),COLUMN($H1381)+1)))*($A1381-INDIRECT(ADDRESS(ROW($H$6)+MATCH($A1381,$H$7:$H$193,1),COLUMN($H1381))))/(INDIRECT(ADDRESS(ROW($H$6)+MATCH($A1381,$H$7:$H$193,1)+1,COLUMN($H1381)))-INDIRECT(ADDRESS(ROW($H$6)+MATCH($A1381,$H$7:$H$193,1),COLUMN($H1381)))) -> 5.6863598e-06 | E1381: =D1381-$D$2-$D$3*B1381 -> -2.0283234e-06

Sheet R4
A2: Durchbiegung | C2: a0 = | D2: =INTERCEPT(D7:D1381,B7:B1381) -> 1.117523e-05 | G2: Widerstand 101
C3: a1 = | D3: =SLOPE(D7:D1381,B7:B1381) -> 0.013154618 | H3: -4.53
A5: Zeit | B5: Pos | C5: Kraft | D5: DR / R | E5: DR / R mionus Gerade | G5: Zeit | H5: Zeit (korr) | I5: DR / R | J5: Widerstand
A6: [s] | B6: [mm] | C6: [N] | G6: [s] | H6: [s] | J6: [W]
A7: =Messdaten!B6 -> 0.02 | B7: =Messdaten!C6 -> 0 | C7: =Messdaten!D6 -> 0.011 | D7: =INDIRECT(ADDRESS(ROW($H$6)+MATCH($A7,$H$7:$H$193,1),COLUMN($H7)+1))+(INDIRECT(ADDRESS(ROW($H$6)+MATCH($A7,$H$7:$H$193,1)+1,COLUMN($H7)+1))-INDIRECT(ADDRESS(ROW($H$6)+MATCH($A7,$H$7:$H$193,1),COLUMN($H7)+1)))*($A7-INDIRECT(ADDRESS(ROW($H$6)+MATCH($A7,$H$7:$H$193,1),COLUMN($H7))))/(INDIRECT(ADDRESS(ROW($H$6)+MATCH($A7,$H$7:$H$193,1)+1,COLUMN($H7)))-INDIRECT(ADDRESS(ROW($H$6)+MATCH($A7,$H$7:$H$193,1),COLUMN($H7)))) -> 1.9662474e-06 | E7: =D7-$D$2-$D$3*B7 -> -9.2089825e-06 | G7: =Messdaten!J5 -> 0.037 | H7: =G7+$H$3 -> -4.493 | I7: =(J7-J$7)/J$7 -> 0 | J7: =Messdaten!I5 -> 7357.895
A8: =Messdaten!B7 -> 0.04 | B8: =Messdaten!C7 -> 0 | C8: =Messdaten!D7 -> 0.011 | D8: =INDIRECT(ADDRESS(ROW($H$6)+MATCH($A8,$H$7:$H$193,1),COLUMN($H8)+1))+(INDIRECT(ADDRESS(ROW($H$6)+MATCH($A8,$H$7:$H$193,1)+1,COLUMN($H8)+1))-INDIRECT(ADDRESS(ROW($H$6)+MATCH($A8,$H$7:$H$193,1),COLUMN($H8)+1)))*($A8-INDIRECT(ADDRESS(ROW($H$6)+MATCH($A8,$H$7:$H$193,1),COLUMN($H8))))/(INDIRECT(ADDRESS(ROW($H$6)+MATCH($A8,$H$7:$H$193,1)+1,COLUMN($H8)))-INDIRECT(ADDRESS(ROW($H$6)+MATCH($A8,$H$7:$H$193,1),COLUMN($H8)))) -> 1.7965199e-06 | E8: =D8-$D$2-$D$3*B8 -> -9.37871e-06 | G8: =Messdaten!J6 -> 0.204 | H8: =G8+$H$3 -> -4.326 | I8: =(J8-J$7)/J$7 -> 1.3278254e-06 | J8: =Messdaten!I6 -> 7357.9048
A9: =Messdaten!B8 -> 0.06 | B9: =Messdaten!C8 -> 0 | C9: =Messdaten!D8 -> 0.017 | D9: =INDIRECT(ADDRESS(ROW($H$6)+MATCH($A9,$H$7:$H$193,1),COLUMN($H9)+1))+(INDIRECT(ADDRESS(ROW($H$6)+MATCH($A9,$H$7:$H$193,1)+1,COLUMN($H9)+1))-INDIRECT(ADDRESS(ROW($H$6)+MATCH($A9,$H$7:$H$193,1),COLUMN($H9)+1)))*($A9-INDIRECT(ADDRESS(ROW($H$6)+MATCH($A9,$H$7:$H$193,1),COLUMN($H9))))/(INDIRECT(ADDRESS(ROW($H$6)+MATCH($A9,$H$7:$H$193,1)+1,COLUMN($H9)))-INDIRECT(ADDRESS(ROW($H$6)+MATCH($A9,$H$7:$H$193,1),COLUMN($H9)))) -> 1.6267924e-06 | E9: =D9-$D$2-$D$3*B9 -> -9.5484375e-06 | G9: =Messdaten!J7 -> 0.376 | H9: =G9+$H$3 -> -4.154 | I9: =(J9-J$7)/J$7 -> 6.6323316e-07 | J9: =Messdaten!I7 -> 7357.8999
A10: =Messdaten!B9 -> 0.08 | B10: =Messdaten!C9 -> 0 | C10: =Messdaten!D9 -> 0.011 | D10: =INDIRECT(ADDRESS(ROW($H$6)+MATCH($A10,$H$7:$H$193,1),COLUMN($H10)+1))+(INDIRECT(ADDRESS(ROW($H$6)+MATCH($A10,$H$7:$H$193,1)+1,COLUMN($H10)+1))-INDIRECT(ADDRESS(ROW($H$6)+MATCH($A10,$H$7:$H$193,1),COLUMN($H10)+1)))*($A10-INDIRECT(ADDRESS(ROW($H$6)+MATCH($A10,$H$7:$H$193,1),COLUMN($H10))))/(INDIRECT(ADDRESS(ROW($H$6)+MATCH($A10,$H$7:$H$193,1)+1,COLUMN($H10)))-INDIRECT(ADDRESS(ROW($H$6)+MATCH($A10,$H$7:$H$193,1),COLUMN($H10)))) -> 1.4570649e-06 | E10: =D10-$D$2-$D$3*B10 -> -9.718165e-06 | G10: =Messdaten!J8 -> 0.548 | H10: =G10+$H$3 -> -3.982 | I10: =(J10-J$7)/J$7 -> -7.298283e-07 | J10: =Messdaten!I8 -> 7357.8897
A11: =Messdaten!B10 -> 0.1 | B11: =Messdaten!C10 -> 0 | C11: =Messdaten!D10 -> 0.022 | D11: =INDIRECT(ADDRESS(ROW($H$6)+MATCH($A11,$H$7:$H$193,1),COLUMN($H11)+1))+(INDIRECT(ADDRESS(ROW($H$6)+MATCH($A11,$H$7:$H$193,1)+1,COLUMN($H11)+1))-INDIRECT(ADDRESS(ROW($H$6)+MATCH($A11,$H$7:$H$193,1),COLUMN($H11)+1)))*($A11-INDIRECT(ADDRESS(ROW($H$6)+MATCH($A11,$H$7:$H$193,1),COLUMN($H11))))/(INDIRECT(ADDRESS(ROW($H$6)+MATCH($A11,$H$7:$H$193,1)+1,COLUMN($H11)))-INDIRECT(ADDRESS(ROW($H$6)+MATCH($A11,$H$7:$H$193,1),COLUMN($H11)))) -> 1.2873373e-06 | E11: =D11-$D$2-$D$3*B11 -> -9.8878925e-06 | G11: =Messdaten!J9 -> 0.72 | H11: =G11+$H$3 -> -3.81 | I11: =(J11-J$7)/J$7 -> 7.9642343e-07 | J11: =Messdaten!I9 -> 7357.9009
A12: =Messdaten!B11 -> 0.12 | B12: =Messdaten!C11 -> 0 | C12: =Messdaten!D11 -> 0.017 | D12: =INDIRECT(ADDRESS(ROW($H$6)+MATCH($A12,$H$7:$H$193,1),COLUMN($H12)+1))+(INDIRECT(ADDRESS(ROW($H$6)+MATCH($A12,$H$7:$H$193,1)+1,COLUMN($H12)+1))-INDIRECT(ADDRESS(ROW($H$6)+MATCH($A12,$H$7:$H$193,1),COLUMN($H12)+1)))*($A12-INDIRECT(ADDRESS(ROW($H$6)+MATCH($A12,$H$7:$H$193,1),COLUMN($H12))))/(INDIRECT(ADDRESS(ROW($H$6)+MATCH($A12,$H$7:$H$193,1)+1,COLUMN($H12)))-INDIRECT(ADDRESS(ROW($H$6)+MATCH($A12,$H$7:$H$193,1),COLUMN($H12)))) -> 1.1176098e-06 | E12: =D12-$D$2-$D$3*B12 -> -1.005762e-05 | G12: =Messdaten!J10 -> 0.892 | H12: =G12+$H$3 -> -3.638 | I12: =(J12-J$7)/J$7 -> 1.3278254e-06 | J12: =Messdaten!I10 -> 7357.9048
A13: =Messdaten!B12 -> 0.14 | B13: =Messdaten!C12 -> 0 | C13: =Messdaten!D12 -> 0.011 | D13: =INDIRECT(ADDRESS(ROW($H$6)+MATCH($A13,$H$7:$H$193,1),COLUMN($H13)+1))+(INDIRECT(ADDRESS(ROW($H$6)+MATCH($A13,$H$7:$H$193,1)+1,COLUMN($H13)+1))-INDIRECT(ADDRESS(ROW($H$6)+MATCH($A13,$H$7:$H$193,1),COLUMN($H13)+1)))*($A13-INDIRECT(ADDRESS(ROW($H$6)+MATCH($A13,$H$7:$H$193,1),COLUMN($H13))))/(INDIRECT(ADDRESS(ROW($H$6)+MATCH($A13,$H$7:$H$193,1)+1,COLUMN($H13)))-INDIRECT(ADDRESS(ROW($H$6)+MATCH($A13,$H$7:$H$193,1),COLUMN($H13)))) -> 9.4788232e-07 | E13: =D13-$D$2-$D$3*B13 -> -1.0227348e-05 | G13: =Messdaten!J11 -> 1.065 | H13: =G13+$H$3 -> -3.465 | I13: =(J13-J$7)/J$7 -> 1.8578683e-06 | J13: =Messdaten!I11 -> 7357.9087
A14: =Messdaten!B13 -> 0.16 | B14: =Messdaten!C13 -> 0 | C14: =Messdaten!D13 -> 0.011 | D14: =INDIRECT(ADDRESS(ROW($H$6)+MATCH($A14,$H$7:$H$193,1),COLUMN($H14)+1))+(INDIRECT(ADDRESS(ROW($H$6)+MATCH($A14,$H$7:$H$193,1)+1,COLUMN($H14)+1))-INDIRECT(ADDRESS(ROW($H$6)+MATCH($A14,$H$7:$H$193,1),COLUMN($H14)+1)))*($A14-INDIRECT(ADDRESS(ROW($H$6)+MATCH($A14,$H$7:$H$193,1),COLUMN($H14))))/(INDIRECT(ADDRESS(ROW($H$6)+MATCH($A14,$H$7:$H$193,1)+1,COLUMN($H14)))-INDIRECT(ADDRESS(ROW($H$6)+MATCH($A14,$H$7:$H$193,1),COLUMN($H14)))) -> -3.5952522e-08 | E14: =D14-$D$2-$D$3*B14 -> -1.1211182e-05 | G14: =Messdaten!J12 -> 1.237 | H14: =G14+$H$3 -> -3.293 | I14: =(J14-J$7)/J$7 -> 2.6502145e-07 | J14: =Messdaten!I12 -> 7357.897
A15: =Messdaten!B14 -> 0.18 | B15: =Messdaten!C14 -> 0 | C15: =Messdaten!D14 -> 0.011 | D15: =INDIRECT(ADDRESS(ROW($H$6)+MATCH($A15,$H$7:$H$193,1),COLUMN($H15)+1))+(INDIRECT(ADDRESS(ROW($H$6)+MATCH($A15,$H$7:$H$193,1)+1,COLUMN($H15)+1))-INDIRECT(ADDRESS(ROW($H$6)+MATCH($A15,$H$7:$H$193,1),COLUMN($H15)+1)))*($A15-INDIRECT(ADDRESS(ROW($H$6)+MATCH($A15,$H$7:$H$193,1),COLUMN($H15))))/(INDIRECT(ADDRESS(ROW($H$6)+MATCH($A15,$H$7:$H$193,1)+1,COLUMN($H15)))-INDIRECT(ADDRESS(ROW($H$6)+MATCH($A15,$H$7:$H$193,1),COLUMN($H15)))) -> -1.8338947e-06 | E15: =D15-$D$2-$D$3*B15 -> -1.3009125e-05 | G15: =Messdaten!J13 -> 1.409 | H15: =G15+$H$3 -> -3.121 | I15: =(J15-J$7)/J$7 -> 7.298283e-07 | J15: =Messdaten!I13 -> 7357.9004
A16: =Messdaten!B15 -> 0.2 | B16: =Messdaten!C15 -> 0 | C16: =Messdaten!D15 -> 0.017 | D16: =INDIRECT(ADDRESS(ROW($H$6)+MATCH($A16,$H$7:$H$193,1),COLUMN($H16)+1))+(INDIRECT(ADDRESS(ROW($H$6)+MATCH($A16,$H$7:$H$193,1)+1,COLUMN($H16)+1))-INDIRECT(ADDRESS(ROW($H$6)+MATCH($A16,$H$7:$H$193,1),COLUMN($H16)+1)))*($A16-INDIRECT(ADDRESS(ROW($H$6)+MATCH($A16,$H$7:$H$193,1),COLUMN($H16))))/(INDIRECT(ADDRESS(ROW($H$6)+MATCH($A16,$H$7:$H$193,1)+1,COLUMN($H16)))-INDIRECT(ADDRESS(ROW($H$6)+MATCH($A16,$H$7:$H$193,1),COLUMN($H16)))) -> -3.6318369e-06 | E16: =D16-$D$2-$D$3*B16 -> -1.4807067e-05 | G16: =Messdaten!J14 -> 1.581 | H16: =G16+$H$3 -> -2.949 | I16: =(J16-J$7)/J$7 -> 1.724678e-06 | J16: =Messdaten!I14 -> 7357.9077
A17: =Messdaten!B16 -> 0.22 | B17: =Messdaten!C16 -> 0 | C17: =Messdaten!D16 -> 0 | D17: =INDIRECT(ADDRESS(ROW($H$6)+MATCH($A17,$H$7:$H$193,1),COLUMN($H17)+1))+(INDIRECT(ADDRESS(ROW($H$6)+MATCH($A17,$H$7:$H$193,1)+1,COLUMN($H17)+1))-INDIRECT(ADDRESS(ROW($H$6)+MATCH($A17,$H$7:$H$193,1),COLUMN($H17)+1)))*($A17-INDIRECT(ADDRESS(ROW($H$6)+MATCH($A17,$H$7:$H$193,1),COLUMN($H17))))/(INDIRECT(ADDRESS(ROW($H$6)+MATCH($A17,$H$7:$H$193,1)+1,COLUMN($H17)))-INDIRECT(ADDRESS(ROW($H$6)+MATCH($A17,$H$7:$H$193,1),COLUMN($H17)))) -> -5.429779e-06 | E17: =D17-$D$2-$D$3*B17 -> -1.6605009e-05 | G17: =Messdaten!J15 -> 1.753 | H17: =G17+$H$3 -> -2.777 | I17: =(J17-J$7)/J$7 -> 7.298283e-07 | J17: =Messdaten!I15 -> 7357.9004
A18: =Messdaten!B17 -> 0.24 | B18: =Messdaten!C17 -> 0 | C18: =Messdaten!D17 -> 0.011 | D18: =INDIRECT(ADDRESS(ROW($H$6)+MATCH($A18,$H$7:$H$193,1),COLUMN($H18)+1))+(INDIRECT(ADDRESS(ROW($H$6)+MATCH($A18,$H$7:$H$193,1)+1,COLUMN($H18)+1))-INDIRECT(ADDRESS(ROW($H$6)+MATCH($A18,$H$7:$H$193,1),COLUMN($H18)+1)))*($A18-INDIRECT(ADDRESS(ROW($H$6)+MATCH($A18,$H$7:$H$193,1),COLUMN($H18))))/(INDIRECT(ADDRESS(ROW($H$6)+MATCH($A18,$H$7:$H$193,1)+1,COLUMN($H18)))-INDIRECT(ADDRESS(ROW($H$6)+MATCH($A18,$H$7:$H$193,1),COLUMN($H18)))) -> -7.2277212e-06 | E18: =D18-$D$2-$D$3*B18 -> -1.8402951e-05 | G18: =Messdaten!J16 -> 1.925 | H18: =G18+$H$3 -> -2.605 | I18: =(J18-J$7)/J$7 -> 5.9663803e-07 | J18: =Messdaten!I16 -> 7357.8994
... A192: =Messdaten!B191 -> 3.72 | B192: =Messdaten!C191 -> -0.17288 | C192: =Messdaten!D191 -> -1.184 | D192: =INDIRECT(ADDRESS(ROW($H$6)+MATCH($A192,$H$7:$H$193,1),COLUMN($H192)+1))+(INDIRECT(ADDRESS(ROW($H$6)+MATCH($A192,$H$7:$H$193,1)+1,COLUMN($H192)+1))-INDIRECT(ADDRESS(ROW($H$6)+MATCH($A192,$H$7:$H$193,1),COLUMN($H192)+1)))*($A192-INDIRECT(ADDRESS(ROW($H$6)+MATCH($A192,$H$7:$H$193,1),COLUMN($H192))))/(INDIRECT(ADDRESS(ROW($H$6)+MATCH($A192,$H$7:$H$193,1)+1,COLUMN($H192)))-INDIRECT(ADDRESS(ROW($H$6)+MATCH($A192,$H$7:$H$193,1),COLUMN($H192)))) -> -0.0022438597 | E192: =D192-$D$2-$D$3*B192 -> 1.9135401e-05 | G192: =Messdaten!J190 -> 31.807 | H192: =G192+$H$3 -> 27.277 | I192: =(J192-J$7)/J$7 -> 4.9103718e-06 | J192: =Messdaten!I190 -> 7357.9312
A193: =Messdaten!B192 -> 3.74 | B193: =Messdaten!C192 -> -0.17384 | C193: =Messdaten!D192 -> -1.195 | D193: =INDIRECT(ADDRESS(ROW($H$6)+MATCH($A193,$H$7:$H$193,1),COLUMN($H193)+1))+(INDIRECT(ADDRESS(ROW($H$6)+MATCH($A193,$H$7:$H$193,1)+1,COLUMN($H193)+1))-INDIRECT(ADDRESS(ROW($H$6)+MATCH($A193,$H$7:$H$193,1),COLUMN($H193)+1)))*($A193-INDIRECT(ADDRESS(ROW($H$6)+MATCH($A193,$H$7:$H$193,1),COLUMN($H193))))/(INDIRECT(ADDRESS(ROW($H$6)+MATCH($A193,$H$7:$H$193,1)+1,COLUMN($H193)))-INDIRECT(ADDRESS(ROW($H$6)+MATCH($A193,$H$7:$H$193,1),COLUMN($H193)))) -> -0.0022572631 | E193: =D193-$D$2-$D$3*B193 -> 1.8360417e-05
A194: =Messdaten!B193 -> 3.76 | B194: =Messdaten!C193 -> -0.17485 | C194: =Messdaten!D193 -> -1.2 | D194: =INDIRECT(ADDRESS(ROW($H$6)+MATCH($A194,$H$7:$H$193,1),COLUMN($H194)+1))+(INDIRECT(ADDRESS(ROW($H$6)+MATCH($A194,$H$7:$H$193,1)+1,COLUMN($H194)+1))-INDIRECT(ADDRESS(ROW($H$6)+MATCH($A194,$H$7:$H$193,1),COLUMN($H194)+1)))*($A194-INDIRECT(ADDRESS(ROW($H$6)+MATCH($A194,$H$7:$H$193,1),COLUMN($H194))))/(INDIRECT(ADDRESS(ROW($H$6)+MATCH($A194,$H$7:$H$193,1)+1,COLUMN($H194)))-INDIRECT(ADDRESS(ROW($H$6)+MATCH($A194,$H$7:$H$193,1),COLUMN($H194)))) -> -0.0022706665 | E194: =D194-$D$2-$D$3*B194 -> 1.8243165e-05
A195: =Messdaten!B194 -> 3.78 | B195: =Messdaten!C194 -> -0.17589 | C195: =Messdaten!D194 -> -1.212 | D195: =INDIRECT(ADDRESS(ROW($H$6)+MATCH($A195,$H$7:$H$193,1),COLUMN($H195)+1))+(INDIRECT(ADDRESS(ROW($H$6)+MATCH($A195,$H$7:$H$193,1)+1,COLUMN($H195)+1))-INDIRECT(ADDRESS(ROW($H$6)+MATCH($A195,$H$7:$H$193,1),COLUMN($H195)+1)))*($A195-INDIRECT(ADDRESS(ROW($H$6)+MATCH($A195,$H$7:$H$193,1),COLUMN($H195))))/(INDIRECT(ADDRESS(ROW($H$6)+MATCH($A195,$H$7:$H$193,1)+1,COLUMN($H195)))-INDIRECT(ADDRESS(ROW($H$6)+MATCH($A195,$H$7:$H$193,1),COLUMN($H195)))) -> -0.0022839465 | E195: =D195-$D$2-$D$3*B195 -> 1.8643943e-05
A196: =Messdaten!B195 -> 3.8 | B196: =Messdaten!C195 -> -0.17689 | C196: =Messdaten!D195 -> -1.212 | D196: =INDIRECT(ADDRESS(ROW($H$6)+MATCH($A196,$H$7:$H$193,1),COLUMN($H196)+1))+(INDIRECT(ADDRESS(ROW($H$6)+MATCH($A196,$H$7:$H$193,1)+1,COLUMN($H196)+1))-INDIRECT(ADDRESS(ROW($H$6)+MATCH($A196,$H$7:$H$193,1),COLUMN($H196)+1)))*($A196-INDIRECT(ADDRESS(ROW($H$6)+MATCH($A196,$H$7:$H$193,1),COLUMN($H196))))/(INDIRECT(ADDRESS(ROW($H$6)+MATCH($A196,$H$7:$H$193,1)+1,COLUMN($H196)))-INDIRECT(ADDRESS(ROW($H$6)+MATCH($A196,$H$7:$H$193,1),COLUMN($H196)))) -> -0.0022971957 | E196: =D196-$D$2-$D$3*B196 -> 1.8549385e-05
A197: =Messdaten!B196 -> 3.82 | B197: =Messdaten!C196 -> -0.17789 | C197: =Messdaten!D196 -> -1.228 | D197: =INDIRECT(ADDRESS(ROW($H$6)+MATCH($A197,$H$7:$H$193,1),COLUMN($H197)+1))+(INDIRECT(ADDRESS(ROW($H$6)+MATCH($A197,$H$7:$H$193,1)+1,COLUMN($H197)+1))-INDIRECT(ADDRESS(ROW($H$6)+MATCH($A197,$H$7:$H$193,1),COLUMN($H197)+1)))*($A197-INDIRECT(ADDRESS(ROW($H$6)+MATCH($A197,$H$7:$H$193,1),COLUMN($H197))))/(INDIRECT(ADDRESS(ROW($H$6)+MATCH($A197,$H$7:$H$193,1)+1,COLUMN($H197)))-INDIRECT(ADDRESS(ROW($H$6)+MATCH($A197,$H$7:$H$193,1),COLUMN($H197)))) -> -0.0023104449 | E197: =D197-$D$2-$D$3*B197 -> 1.8454827e-05
A198: =Messdaten!B197 -> 3.84 | B198: =Messdaten!C197 -> -0.17886 | C198: =Messdaten!D197 -> -1.234 | D198: =INDIRECT(ADDRESS(ROW($H$6)+MATCH($A198,$H$7:$H$193,1),COLUMN($H198)+1))+(INDIRECT(ADDRESS(ROW($H$6)+MATCH($A198,$H$7:$H$193,1)+1,COLUMN($H198)+1))-INDIRECT(ADDRESS(ROW($H$6)+MATCH($A198,$H$7:$H$193,1),COLUMN($H198)+1)))*($A198-INDIRECT(ADDRESS(ROW($H$6)+MATCH($A198,$H$7:$H$193,1),COLUMN($H198))))/(INDIRECT(ADDRESS(ROW($H$6)+MATCH($A198,$H$7:$H$193,1)+1,COLUMN($H198)))-INDIRECT(ADDRESS(ROW($H$6)+MATCH($A198,$H$7:$H$193,1),COLUMN($H198)))) -> -0.0023236941 | E198: =D198-$D$2-$D$3*B198 -> 1.796563e-05
A199: =Messdaten!B198 -> 3.86 | B199: =Messdaten!C198 -> -0.1799 | C199: =Messdaten!D198 -> -1.234 | D199: =INDIRECT(ADDRESS(ROW($H$6)+MATCH($A199,$H$7:$H$193,1),COLUMN($H199)+1))+(INDIRECT(ADDRESS(ROW($H$6)+MATCH($A199,$H$7:$H$193,1)+1,COLUMN($H199)+1))-INDIRECT(ADDRESS(ROW($H$6)+MATCH($A199,$H$7:$H$193,1),COLUMN($H199)+1)))*($A199-INDIRECT(ADDRESS(ROW($H$6)+MATCH($A199,$H$7:$H$193,1),COLUMN($H199))))/(INDIRECT(ADDRESS(ROW($H$6)+MATCH($A199,$H$7:$H$193,1)+1,COLUMN($H199)))-INDIRECT(ADDRESS(ROW($H$6)+MATCH($A199,$H$7:$H$193,1),COLUMN($H199)))) -> -0.0023369432 | E199: =D199-$D$2-$D$3*B199 -> 1.8397256e-05
A200: =Messdaten!B199 -> 3.88 | B200: =Messdaten!C199 -> -0.18086 | C200: =Messdaten!D199 -> -1.251 | D200: =INDIRECT(ADDRESS(ROW($H$6)+MATCH($A200,$H$7:$H$193,1),COLUMN($H200)+1))+(INDIRECT(ADDRESS(ROW($H$6)+MATCH($A200,$H$7:$H$193,1)+1,COLUMN($H200)+1))-INDIRECT(ADDRESS(ROW($H$6)+MATCH($A200,$H$7:$H$193,1),COLUMN($H200)+1)))*($A200-INDIRECT(ADDRESS(ROW($H$6)+MATCH($A200,$H$7:$H$193,1),COLUMN($H200))))/(INDIRECT(ADDRESS(ROW($H$6)+MATCH($A200,$H$7:$H$193,1)+1,COLUMN($H200)))-INDIRECT(ADDRESS(ROW($H$6)+MATCH($A200,$H$7:$H$193,1),COLUMN($H200)))) -> -0.0023501924 | E200: =D200-$D$2-$D$3*B200 -> 1.7776513e-05
A201: =Messdaten!B200 -> 3.9 | B201: =Messdaten!C200 -> -0.18183 | C201: =Messdaten!D200 -> -1.234 | D201: =INDIRECT(ADDRESS(ROW($H$6)+MATCH($A201,$H$7:$H$193,1),COLUMN($H201)+1))+(INDIRECT(ADDRESS(ROW($H$6)+MATCH($A201,$H$7:$H$193,1)+1,COLUMN($H201)+1))-INDIRECT(ADDRESS(ROW($H$6)+MATCH($A201,$H$7:$H$193,1),COLUMN($H201)+1)))*($A201-INDIRECT(ADDRESS(ROW($H$6)+MATCH($A201,$H$7:$H$193,1),COLUMN($H201))))/(INDIRECT(ADDRESS(ROW($H$6)+MATCH($A201,$H$7:$H$193,1)+1,COLUMN($H201)))-INDIRECT(ADDRESS(ROW($H$6)+MATCH($A201,$H$7:$H$193,1),COLUMN($H201)))) -> -0.0023634416 | E201: =D201-$D$2-$D$3*B201 -> 1.7287316e-05
A202: =Messdaten!B201 -> 3.92 | B202: =Messdaten!C201 -> -0.18283 | C202: =Messdaten!D201 -> -1.268 | D202: =INDIRECT(ADDRESS(ROW($H$6)+MATCH($A202,$H$7:$H$193,1),COLUMN($H202)+1))+(INDIRECT(ADDRESS(ROW($H$6)+MATCH($A202,$H$7:$H$193,1)+1,COLUMN($H202)+1))-INDIRECT(ADDRESS(ROW($H$6)+MATCH($A202,$H$7:$H$193,1),COLUMN($H202)+1)))*($A202-INDIRECT(ADDRESS(ROW($H$6)+MATCH($A202,$H$7:$H$193,1),COLUMN($H202))))/(INDIRECT(ADDRESS(ROW($H$6)+MATCH($A202,$H$7:$H$193,1)+1,COLUMN($H202)))-INDIRECT(ADDRESS(ROW($H$6)+MATCH($A202,$H$7:$H$193,1),COLUMN($H202)))) -> -0.0023766908 | E202: =D202-$D$2-$D$3*B202 -> 1.7192758e-05
A203: =Messdaten!B202 -> 3.94 | B203: =Messdaten!C202 -> -0.18383 | C203: =Messdaten!D202 -> -1.262 | D203: =INDIRECT(ADDRESS(ROW($H$6)+MATCH($A203,$H$7:$H$193,1),COLUMN($H203)+1))+(INDIRECT(ADDRESS(ROW($H$6)+MATCH($A203,$H$7:$H$193,1)+1,COLUMN($H203)+1))-INDIRECT(ADDRESS(ROW($H$6)+MATCH($A203,$H$7:$H$193,1),COLUMN($H203)+1)))*($A203-INDIRECT(ADDRESS(ROW($H$6)+MATCH($A203,$H$7:$H$193,1),COLUMN($H203))))/(INDIRECT(ADDRESS(ROW($H$6)+MATCH($A203,$H$7:$H$193,1)+1,COLUMN($H203)))-INDIRECT(ADDRESS(ROW($H$6)+MATCH($A203,$H$7:$H$193,1),COLUMN($H203)))) -> -0.0023900029 | E203: =D203-$D$2-$D$3*B203 -> 1.7035271e-05
A204: =Messdaten!B203 -> 3.96 | B204: =Messdaten!C203 -> -0.18468 | C204: =Messdaten!D203 -> -1.268 | D204: =INDIRECT(ADDRESS(ROW($H$6)+MATCH($A204,$H$7:$H$193,1),COLUMN($H204)+1))+(INDIRECT(ADDRESS(ROW($H$6)+MATCH($A204,$H$7:$H$193,1)+1,COLUMN($H204)+1))-INDIRECT(ADDRESS(ROW($H$6)+MATCH($A204,$H$7:$H$193,1),COLUMN($H204)+1)))*($A204-INDIRECT(ADDRESS(ROW($H$6)+MATCH($A204,$H$7:$H$193,1),COLUMN($H204))))/(INDIRECT(ADDRESS(ROW($H$6)+MATCH($A204,$H$7:$H$193,1)+1,COLUMN($H204)))-INDIRECT(ADDRESS(ROW($H$6)+MATCH($A204,$H$7:$H$193,1),COLUMN($H204)))) -> -0.0024035667 | E204: =D204-$D$2-$D$3*B204 -> 1.4652877e-05
... A1381: =Messdaten!B1380 -> 27.5 | B1381: =Messdaten!C1380 -> 0 | C1381: =Messdaten!D1380 -> 0.005 | D1381: =INDIRECT(ADDRESS(ROW($H$6)+MATCH($A1381,$H$7:$H$193,1),COLUMN($H1381)+1))+(INDIRECT(ADDRESS(ROW($H$6)+MATCH($A1381,$H$7:$H$193,1)+1,COLUMN($H1381)+1))-INDIRECT(ADDRESS(ROW($H$6)+MATCH($A1381,$H$7:$H$193,1),COLUMN($H1381)+1)))*($A1381-INDIRECT(ADDRESS(ROW($H$6)+MATCH($A1381,$H$7:$H$193,1),COLUMN($H1381))))/(INDIRECT(ADDRESS(ROW($H$6)+MATCH($A1381,$H$7:$H$193,1)+1,COLUMN($H1381)))-INDIRECT(ADDRESS(ROW($H$6)+MATCH($A1381,$H$7:$H$193,1),COLUMN($H1381)))) -> 4.950516e-06 | E1381: =D1381-$D$2-$D$3*B1381 -> -6.2247139e-06

Sheet R13
A2: Durchbiegung | C2: a0 = | D2: =INTERCEPT(D7:D1381,B7:B1381) -> 8.6845496e-06 | G2: Widerstand 101
C3: a1 = | D3: =SLOPE(D7:D1381,B7:B1381) -> 0.0083138158 | H3: -4.53
A5: Zeit | B5: Pos | C5: Kraft | D5: DR / R | E5: DR / R mionus Gerade | G5: Zeit | H5: Zeit (korr) | I5: DR / R | J5: Widerstand
A6: [s] | B6: [mm] | C6: [N] | G6: [s] | H6: [s] | J6: [W]
A7: =Messdaten!B6 -> 0.02 | B7: =Messdaten!C6 -> 0 | C7: =Messdaten!D6 -> 0.011 | D7: =INDIRECT(ADDRESS(ROW($H$6)+MATCH($A7,$H$7:$H$193,1),COLUMN($H7)+1))+(INDIRECT(ADDRESS(ROW($H$6)+MATCH($A7,$H$7:$H$193,1)+1,COLUMN($H7)+1))-INDIRECT(ADDRESS(ROW($H$6)+MATCH($A7,$H$7:$H$193,1),COLUMN($H7)+1)))*($A7-INDIRECT(ADDRESS(ROW($H$6)+MATCH($A7,$H$7:$H$193,1),COLUMN($H7))))/(INDIRECT(ADDRESS(ROW($H$6)+MATCH($A7,$H$7:$H$193,1)+1,COLUMN($H7)))-INDIRECT(ADDRESS(ROW($H$6)+MATCH($A7,$H$7:$H$193,1),COLUMN($H7)))) -> -6.1512195e-07 | E7: =D7-$D$2-$D$3*B7 -> -9.2996716e-06 | G7: =Messdaten!M5 -> 0.075 | H7: =G7+$H$3 -> -4.455 | I7: =(J7-J$7)/J$7 -> 0 | J7: =Messdaten!L5 -> 7116.3106
A8: =Messdaten!B7 -> 0.04 | B8: =Messdaten!C7 -> 0 | C8: =Messdaten!D7 -> 0.011 | D8: =INDIRECT(ADDRESS(ROW($H$6)+MATCH($A8,$H$7:$H$193,1),COLUMN($H8)+1))+(INDIRECT(ADDRESS(ROW($H$6)+MATCH($A8,$H$7:$H$193,1)+1,COLUMN($H8)+1))-INDIRECT(ADDRESS(ROW($H$6)+MATCH($A8,$H$7:$H$193,1),COLUMN($H8)+1)))*($A8-INDIRECT(ADDRESS(ROW($H$6)+MATCH($A8,$H$7:$H$193,1),COLUMN($H8))))/(INDIRECT(ADDRESS(ROW($H$6)+MATCH($A8,$H$7:$H$193,1)+1,COLUMN($H8)))-INDIRECT(ADDRESS(ROW($H$6)+MATCH($A8,$H$7:$H$193,1),COLUMN($H8)))) -> -5.1212192e-07 | E8: =D8-$D$2-$D$3*B8 -> -9.1966716e-06 | G8: =Messdaten!M6 -> 0.247 | H8: =G8+$H$3 -> -4.283 | I8: =(J8-J$7)/J$7 -> 5.4803679e-07 | J8: =Messdaten!L6 -> 7116.3144
A9: =Messdaten!B8 -> 0.06 | B9: =Messdaten!C8 -> 0 | C9: =Messdaten!D8 -> 0.017 | D9: =INDIRECT(ADDRESS(ROW($H$6)+MATCH($A9,$H$7:$H$193,1),COLUMN($H9)+1))+(INDIRECT(ADDRESS(ROW($H$6)+MATCH($A9,$H$7:$H$193,1)+1,COLUMN($H9)+1))-INDIRECT(ADDRESS(ROW($H$6)+MATCH($A9,$H$7:$H$193,1),COLUMN($H9)+1)))*($A9-INDIRECT(ADDRESS(ROW($H$6)+MATCH($A9,$H$7:$H$193,1),COLUMN($H9))))/(INDIRECT(ADDRESS(ROW($H$6)+MATCH($A9,$H$7:$H$193,1)+1,COLUMN($H9)))-INDIRECT(ADDRESS(ROW($H$6)+MATCH($A9,$H$7:$H$193,1),COLUMN($H9)))) -> -4.0035771e-07 | E9: =D9-$D$2-$D$3*B9 -> -9.0849073e-06 | G9: =Messdaten!M7 -> 0.419 | H9: =G9+$H$3 -> -4.111 | I9: =(J9-J$7)/J$7 -> 0 | J9: =Messdaten!L7 -> 7116.3106
A10: =Messdaten!B9 -> 0.08 | B10: =Messdaten!C9 -> 0 | C10: =Messdaten!D9 -> 0.011 | D10: =INDIRECT(ADDRESS(ROW($H$6)+MATCH($A10,$H$7:$H$193,1),COLUMN($H10)+1))+(INDIRECT(ADDRESS(ROW($H$6)+MATCH($A10,$H$7:$H$193,1)+1,COLUMN($H10)+1))-INDIRECT(ADDRESS(ROW($H$6)+MATCH($A10,$H$7:$H$193,1),COLUMN($H10)+1)))*($A10-INDIRECT(ADDRESS(ROW($H$6)+MATCH($A10,$H$7:$H$193,1),COLUMN($H10))))/(INDIRECT(ADDRESS(ROW($H$6)+MATCH($A10,$H$7:$H$193,1)+1,COLUMN($H10)))-INDIRECT(ADDRESS(ROW($H$6)+MATCH($A10,$H$7:$H$193,1),COLUMN($H10)))) -> -2.8859349e-07 | E10: =D10-$D$2-$D$3*B10 -> -8.9731431e-06 | G10: =Messdaten!M8 -> 0.591 | H10: =G10+$H$3 -> -3.939 | I10: =(J10-J$7)/J$7 -> 3.428743e-07 | J10: =Messdaten!L8 -> 7116.313
A11: =Messdaten!B10 -> 0.1 | B11: =Messdaten!C10 -> 0 | C11: =Messdaten!D10 -> 0.022 | D11: =INDIRECT(ADDRESS(ROW($H$6)+MATCH($A11,$H$7:$H$193,1),COLUMN($H11)+1))+(INDIRECT(ADDRESS(ROW($H$6)+MATCH($A11,$H$7:$H$193,1)+1,COLUMN($H11)+1))-INDIRECT(ADDRESS(ROW($H$6)+MATCH($A11,$H$7:$H$193,1),COLUMN($H11)+1)))*($A11-INDIRECT(ADDRESS(ROW($H$6)+MATCH($A11,$H$7:$H$193,1),COLUMN($H11))))/(INDIRECT(ADDRESS(ROW($H$6)+MATCH($A11,$H$7:$H$193,1)+1,COLUMN($H11)))-INDIRECT(ADDRESS(ROW($H$6)+MATCH($A11,$H$7:$H$193,1),COLUMN($H11)))) -> -1.7682928e-07 | E11: =D11-$D$2-$D$3*B11 -> -8.8613789e-06 | G11: =Messdaten!M9 -> 0.763 | H11: =G11+$H$3 -> -3.767 | I11: =(J11-J$7)/J$7 -> -2.0656771e-07 | J11: =Messdaten!L9 -> 7116.3091
A12: =Messdaten!B11 -> 0.12 | B12: =Messdaten!C11 -> 0 | C12: =Messdaten!D11 -> 0.017 | D12: =INDIRECT(ADDRESS(ROW($H$6)+MATCH($A12,$H$7:$H$193,1),COLUMN($H12)+1))+(INDIRECT(ADDRESS(ROW($H$6)+MATCH($A12,$H$7:$H$193,1)+1,COLUMN($H12)+1))-INDIRECT(ADDRESS(ROW($H$6)+MATCH($A12,$H$7:$H$193,1),COLUMN($H12)+1)))*($A12-INDIRECT(ADDRESS(ROW($H$6)+MATCH($A12,$H$7:$H$193,1),COLUMN($H12))))/(INDIRECT(ADDRESS(ROW($H$6)+MATCH($A12,$H$7:$H$193,1)+1,COLUMN($H12)))-INDIRECT(ADDRESS(ROW($H$6)+MATCH($A12,$H$7:$H$193,1),COLUMN($H12)))) -> -6.5065072e-08 | E12: =D12-$D$2-$D$3*B12 -> -8.7496147e-06 | G12: =Messdaten!M10 -> 0.936 | H12: =G12+$H$3 -> -3.594 | I12: =(J12-J$7)/J$7 -> 1.509209e-06 | J12: =Messdaten!L10 -> 7116.3213
A13: =Messdaten!B12 -> 0.14 | B13: =Messdaten!C12 -> 0 | C13: =Messdaten!D12 -> 0.011 | D13: =INDIRECT(ADDRESS(ROW($H$6)+MATCH($A13,$H$7:$H$193,1),COLUMN($H13)+1))+(INDIRECT(ADDRESS(ROW($H$6)+MATCH($A13,$H$7:$H$193,1)+1,COLUMN($H13)+1))-INDIRECT(ADDRESS(ROW($H$6)+MATCH($A13,$H$7:$H$193,1),COLUMN($H13)+1)))*($A13-INDIRECT(ADDRESS(ROW($H$6)+MATCH($A13,$H$7:$H$193,1),COLUMN($H13))))/(INDIRECT(ADDRESS(ROW($H$6)+MATCH($A13,$H$7:$H$193,1)+1,COLUMN($H13)))-INDIRECT(ADDRESS(ROW($H$6)+MATCH($A13,$H$7:$H$193,1),COLUMN($H13)))) -> 4.669914e-08 | E13: =D13-$D$2-$D$3*B13 -> -8.6378505e-06 | G13: =Messdaten!M11 -> 1.108 | H13: =G13+$H$3 -> -3.422 | I13: =(J13-J$7)/J$7 -> -4.117302e-07 | J13: =Messdaten!L11 -> 7116.3076
A14: =Messdaten!B13 -> 0.16 | B14: =Messdaten!C13 -> 0 | C14: =Messdaten!D13 -> 0.011 | D14: =INDIRECT(ADDRESS(ROW($H$6)+MATCH($A14,$H$7:$H$193,1),COLUMN($H14)+1))+(INDIRECT(ADDRESS(ROW($H$6)+MATCH($A14,$H$7:$H$193,1)+1,COLUMN($H14)+1))-INDIRECT(ADDRESS(ROW($H$6)+MATCH($A14,$H$7:$H$193,1),COLUMN($H14)+1)))*($A14-INDIRECT(ADDRESS(ROW($H$6)+MATCH($A14,$H$7:$H$193,1),COLUMN($H14))))/(INDIRECT(ADDRESS(ROW($H$6)+MATCH($A14,$H$7:$H$193,1)+1,COLUMN($H14)))-INDIRECT(ADDRESS(ROW($H$6)+MATCH($A14,$H$7:$H$193,1),COLUMN($H14)))) -> 1.5846335e-07 | E14: =D14-$D$2-$D$3*B14 -> -8.5260863e-06 | G14: =Messdaten!M12 -> 1.28 | H14: =G14+$H$3 -> -3.25 | I14: =(J14-J$7)/J$7 -> 1.8520833e-06 | J14: =Messdaten!L12 -> 7116.3237
A15: =Messdaten!B14 -> 0.18 | B15: =Messdaten!C14 -> 0 | C15: =Messdaten!D14 -> 0.011 | D15: =INDIRECT(ADDRESS(ROW($H$6)+MATCH($A15,$H$7:$H$193,1),COLUMN($H15)+1))+(INDIRECT(ADDRESS(ROW($H$6)+MATCH($A15,$H$7:$H$193,1)+1,COLUMN($H15)+1))-INDIRECT(ADDRESS(ROW($H$6)+MATCH($A15,$H$7:$H$193,1),COLUMN($H15)+1)))*($A15-INDIRECT(ADDRESS(ROW($H$6)+MATCH($A15,$H$7:$H$193,1),COLUMN($H15))))/(INDIRECT(ADDRESS(ROW($H$6)+MATCH($A15,$H$7:$H$193,1)+1,COLUMN($H15)))-INDIRECT(ADDRESS(ROW($H$6)+MATCH($A15,$H$7:$H$193,1),COLUMN($H15)))) -> 2.7022756e-07 | E15: =D15-$D$2-$D$3*B15 -> -8.4143221e-06 | G15: =Messdaten!M13 -> 1.452 | H15: =G15+$H$3 -> -3.078 | I15: =(J15-J$7)/J$7 -> -2.0656771e-07 | J15: =Messdaten!L13 -> 7116.3091
A16: =Messdaten!B15 -> 0.2 | B16: =Messdaten!C15 -> 0 | C16: =Messdaten!D15 -> 0.017 | D16: =INDIRECT(ADDRESS(ROW($H$6)+MATCH($A16,$H$7:$H$193,1),COLUMN($H16)+1))+(INDIRECT(ADDRESS(ROW($H$6)+MATCH($A16,$H$7:$H$193,1)+1,COLUMN($H16)+1))-INDIRECT(ADDRESS(ROW($H$6)+MATCH($A16,$H$7:$H$193,1),COLUMN($H16)+1)))*($A16-INDIRECT(ADDRESS(ROW($H$6)+MATCH($A16,$H$7:$H$193,1),COLUMN($H16))))/(INDIRECT(ADDRESS(ROW($H$6)+MATCH($A16,$H$7:$H$193,1)+1,COLUMN($H16)))-INDIRECT(ADDRESS(ROW($H$6)+MATCH($A16,$H$7:$H$193,1),COLUMN($H16)))) -> -7.5458817e-07 | E16: =D16-$D$2-$D$3*B16 -> -9.4391378e-06 | G16: =Messdaten!M14 -> 1.624 | H16: =G16+$H$3 -> -2.906 | I16: =(J16-J$7)/J$7 -> -2.0656771e-07 | J16: =Messdaten!L14 -> 7116.3091
A17: =Messdaten!B16 -> 0.22 | B17: =Messdaten!C16 -> 0 | C17: =Messdaten!D16 -> 0 | D17: =INDIRECT(ADDRESS(ROW($H$6)+MATCH($A17,$H$7:$H$193,1),COLUMN($H17)+1))+(INDIRECT(ADDRESS(ROW($H$6)+MATCH($A17,$H$7:$H$193,1)+1,COLUMN($H17)+1))-INDIRECT(ADDRESS(ROW($H$6)+MATCH($A17,$H$7:$H$193,1),COLUMN($H17)+1)))*($A17-INDIRECT(ADDRESS(ROW($H$6)+MATCH($A17,$H$7:$H$193,1),COLUMN($H17))))/(INDIRECT(ADDRESS(ROW($H$6)+MATCH($A17,$H$7:$H$193,1)+1,COLUMN($H17)))-INDIRECT(ADDRESS(ROW($H$6)+MATCH($A17,$H$7:$H$193,1),COLUMN($H17)))) -> -3.8901952e-06 | E17: =D17-$D$2-$D$3*B17 -> -1.2574745e-05 | G17: =Messdaten!M15 -> 1.796 | H17: =G17+$H$3 -> -2.734 | I17: =(J17-J$7)/J$7 -> 3.428743e-07 | J17: =Messdaten!L15 -> 7116.313
A18: =Messdaten!B17 -> 0.24 | B18: =Messdaten!C17 -> 0 | C18: =Messdaten!D17 -> 0.011 | D18: =INDIRECT(ADDRESS(ROW($H$6)+MATCH($A18,$H$7:$H$193,1),COLUMN($H18)+1))+(INDIRECT(ADDRESS(ROW($H$6)+MATCH($A18,$H$7:$H$193,1)+1,COLUMN($H18)+1))-INDIRECT(ADDRESS(ROW($H$6)+MATCH($A18,$H$7:$H$193,1),COLUMN($H18)+1)))*($A18-INDIRECT(ADDRESS(ROW($H$6)+MATCH($A18,$H$7:$H$193,1),COLUMN($H18))))/(INDIRECT(ADDRESS(ROW($H$6)+MATCH($A18,$H$7:$H$193,1)+1,COLUMN($H18)))-INDIRECT(ADDRESS(ROW($H$6)+MATCH($A18,$H$7:$H$193,1),COLUMN($H18)))) -> -7.0258023e-06 | E18: =D18-$D$2-$D$3*B18 -> -1.5710352e-05 | G18: =Messdaten!M16 -> 1.968 | H18: =G18+$H$3 -> -2.562 | I18: =(J18-J$7)/J$7 -> -4.8058611e-07 | J18: =Messdaten!L16 -> 7116.3071
... A189: =Messdaten!B188 -> 3.66 | B189: =Messdaten!C188 -> -0.16983 | C189: =Messdaten!D188 -> -1.161 | D189: =INDIRECT(ADDRESS(ROW($H$6)+MATCH($A189,$H$7:$H$193,1),COLUMN($H189)+1))+(INDIRECT(ADDRESS(ROW($H$6)+MATCH($A189,$H$7:$H$193,1)+1,COLUMN($H189)+1))-INDIRECT(ADDRESS(ROW($H$6)+MATCH($A189,$H$7:$H$193,1),COLUMN($H189)+1)))*($A189-INDIRECT(ADDRESS(ROW($H$6)+MATCH($A189,$H$7:$H$193,1),COLUMN($H189))))/(INDIRECT(ADDRESS(ROW($H$6)+MATCH($A189,$H$7:$H$193,1)+1,COLUMN($H189)))-INDIRECT(ADDRESS(ROW($H$6)+MATCH($A189,$H$7:$H$193,1),COLUMN($H189)))) -> -0.0013916791 | E189: =D189-$D$2-$D$3*B189 -> 1.1571725e-05 | G189: =Messdaten!M187 -> 31.336 | H189: =G189+$H$3 -> 26.806 | I189: =(J189-J$7)/J$7 -> 1.8520833e-06 | J189: =Messdaten!L187 -> 7116.3237
A190: =Messdaten!B189 -> 3.68 | B190: =Messdaten!C189 -> -0.17083 | C190: =Messdaten!D189 -> -1.178 | D190: =INDIRECT(ADDRESS(ROW($H$6)+MATCH($A190,$H$7:$H$193,1),COLUMN($H190)+1))+(INDIRECT(ADDRESS(ROW($H$6)+MATCH($A190,$H$7:$H$193,1)+1,COLUMN($H190)+1))-INDIRECT(ADDRESS(ROW($H$6)+MATCH($A190,$H$7:$H$193,1),COLUMN($H190)+1)))*($A190-INDIRECT(ADDRESS(ROW($H$6)+MATCH($A190,$H$7:$H$193,1),COLUMN($H190))))/(INDIRECT(ADDRESS(ROW($H$6)+MATCH($A190,$H$7:$H$193,1)+1,COLUMN($H190)))-INDIRECT(ADDRESS(ROW($H$6)+MATCH($A190,$H$7:$H$193,1),COLUMN($H190)))) -> -0.0014000565 | E190: =D190-$D$2-$D$3*B190 -> 1.1508127e-05
A191: =Messdaten!B190 -> 3.7 | B191: =Messdaten!C190 -> -0.17184 | C191: =Messdaten!D190 -> -1.184 | D191: =INDIRECT(ADDRESS(ROW($H$6)+MATCH($A191,$H$7:$H$193,1),COLUMN($H191)+1))+(INDIRECT(ADDRESS(ROW($H$6)+MATCH($A191,$H$7:$H$193,1)+1,COLUMN($H191)+1))-INDIRECT(ADDRESS(ROW($H$6)+MATCH($A191,$H$7:$H$193,1),COLUMN($H191)+1)))*($A191-INDIRECT(ADDRESS(ROW($H$6)+MATCH($A191,$H$7:$H$193,1),COLUMN($H191))))/(INDIRECT(ADDRESS(ROW($H$6)+MATCH($A191,$H$7:$H$193,1)+1,COLUMN($H191)))-INDIRECT(ADDRESS(ROW($H$6)+MATCH($A191,$H$7:$H$193,1),COLUMN($H191)))) -> -0.0014084339 | E191: =D191-$D$2-$D$3*B191 -> 1.1527667e-05
A192: =Messdaten!B191 -> 3.72 | B192: =Messdaten!C191 -> -0.17288 | C192: =Messdaten!D191 -> -1.184 | D192: =INDIRECT(ADDRESS(ROW($H$6)+MATCH($A192,$H$7:$H$193,1),COLUMN($H192)+1))+(INDIRECT(ADDRESS(ROW($H$6)+MATCH($A192,$H$7:$H$193,1)+1,COLUMN($H192)+1))-INDIRECT(ADDRESS(ROW($H$6)+MATCH($A192,$H$7:$H$193,1),COLUMN($H192)+1)))*($A192-INDIRECT(ADDRESS(ROW($H$6)+MATCH($A192,$H$7:$H$193,1),COLUMN($H192))))/(INDIRECT(ADDRESS(ROW($H$6)+MATCH($A192,$H$7:$H$193,1)+1,COLUMN($H192)))-INDIRECT(ADDRESS(ROW($H$6)+MATCH($A192,$H$7:$H$193,1),COLUMN($H192)))) -> -0.0014168113 | E192: =D192-$D$2-$D$3*B192 -> 1.1796622e-05
A193: =Messdaten!B192 -> 3.74 | B193: =Messdaten!C192 -> -0.17384 | C193: =Messdaten!D192 -> -1.195 | D193: =INDIRECT(ADDRESS(ROW($H$6)+MATCH($A193,$H$7:$H$193,1),COLUMN($H193)+1))+(INDIRECT(ADDRESS(ROW($H$6)+MATCH($A193,$H$7:$H$193,1)+1,COLUMN($H193)+1))-INDIRECT(ADDRESS(ROW($H$6)+MATCH($A193,$H$7:$H$193,1),COLUMN($H193)+1)))*($A193-INDIRECT(ADDRESS(ROW($H$6)+MATCH($A193,$H$7:$H$193,1),COLUMN($H193))))/(INDIRECT(ADDRESS(ROW($H$6)+MATCH($A193,$H$7:$H$193,1)+1,COLUMN($H193)))-INDIRECT(ADDRESS(ROW($H$6)+MATCH($A193,$H$7:$H$193,1),COLUMN($H193)))) -> -0.0014251887 | E193: =D193-$D$2-$D$3*B193 -> 1.1400471e-05
A194: =Messdaten!B193 -> 3.76 | B194: =Messdaten!C193 -> -0.17485 | C194: =Messdaten!D193 -> -1.2 | D194: =INDIRECT(ADDRESS(ROW($H$6)+MATCH($A194,$H$7:$H$193,1),COLUMN($H194)+1))+(INDIRECT(ADDRESS(ROW($H$6)+MATCH($A194,$H$7:$H$193,1)+1,COLUMN($H194)+1))-INDIRECT(ADDRESS(ROW($H$6)+MATCH($A194,$H$7:$H$193,1),COLUMN($H194)+1)))*($A194-INDIRECT(ADDRESS(ROW($H$6)+MATCH($A194,$H$7:$H$193,1),COLUMN($H194))))/(INDIRECT(ADDRESS(ROW($H$6)+MATCH($A194,$H$7:$H$193,1)+1,COLUMN($H194)))-INDIRECT(ADDRESS(ROW($H$6)+MATCH($A194,$H$7:$H$193,1),COLUMN($H194)))) -> -0.0014335661 | E194: =D194-$D$2-$D$3*B194 -> 1.1420011e-05
A195: =Messdaten!B194 -> 3.78 | B195: =Messdaten!C194 -> -0.17589 | C195: =Messdaten!D194 -> -1.212 | D195: =INDIRECT(ADDRESS(ROW($H$6)+MATCH($A195,$H$7:$H$193,1),COLUMN($H195)+1))+(INDIRECT(ADDRESS(ROW($H$6)+MATCH($A195,$H$7:$H$193,1)+1,COLUMN($H195)+1))-INDIRECT(ADDRESS(ROW($H$6)+MATCH($A195,$H$7:$H$193,1),COLUMN($H195)+1)))*($A195-INDIRECT(ADDRESS(ROW($H$6)+MATCH($A195,$H$7:$H$193,1),COLUMN($H195))))/(INDIRECT(ADDRESS(ROW($H$6)+MATCH($A195,$H$7:$H$193,1)+1,COLUMN($H195)))-INDIRECT(ADDRESS(ROW($H$6)+MATCH($A195,$H$7:$H$193,1),COLUMN($H195)))) -> -0.0014419435 | E195: =D195-$D$2-$D$3*B195 -> 1.1688966e-05
A196: =Messdaten!B195 -> 3.8 | B196: =Messdaten!C195 -> -0.17689 | C196: =Messdaten!D195 -> -1.212 | D196: =INDIRECT(ADDRESS(ROW($H$6)+MATCH($A196,$H$7:$H$193,1),COLUMN($H196)+1))+(INDIRECT(ADDRESS(ROW($H$6)+MATCH($A196,$H$7:$H$193,1)+1,COLUMN($H196)+1))-INDIRECT(ADDRESS(ROW($H$6)+MATCH($A196,$H$7:$H$193,1),COLUMN($H196)+1)))*($A196-INDIRECT(ADDRESS(ROW($H$6)+MATCH($A196,$H$7:$H$193,1),COLUMN($H196))))/(INDIRECT(ADDRESS(ROW($H$6)+MATCH($A196,$H$7:$H$193,1)+1,COLUMN($H196)))-INDIRECT(ADDRESS(ROW($H$6)+MATCH($A196,$H$7:$H$193,1),COLUMN($H196)))) -> -0.001450321 | E196: =D196-$D$2-$D$3*B196 -> 1.1625367e-05
A197: =Messdaten!B196 -> 3.82 | B197: =Messdaten!C196 -> -0.17789 | C197: =Messdaten!D196 -> -1.228 | D197: =INDIRECT(ADDRESS(ROW($H$6)+MATCH($A197,$H$7:$H$193,1),COLUMN($H197)+1))+(INDIRECT(ADDRESS(ROW($H$6)+MATCH($A197,$H$7:$H$193,1)+1,COLUMN($H197)+1))-INDIRECT(ADDRESS(ROW($H$6)+MATCH($A197,$H$7:$H$193,1),COLUMN($H197)+1)))*($A197-INDIRECT(ADDRESS(ROW($H$6)+MATCH($A197,$H$7:$H$193,1),COLUMN($H197))))/(INDIRECT(ADDRESS(ROW($H$6)+MATCH($A197,$H$7:$H$193,1)+1,COLUMN($H197)))-INDIRECT(ADDRESS(ROW($H$6)+MATCH($A197,$H$7:$H$193,1),COLUMN($H197)))) -> -0.0014586412 | E197: =D197-$D$2-$D$3*B197 -> 1.1618909e-05
A198: =Messdaten!B197 -> 3.84 | B198: =Messdaten!C197 -> -0.17886 | C198: =Messdaten!D197 -> -1.234 | D198: =INDIRECT(ADDRESS(ROW($H$6)+MATCH($A198,$H$7:$H$193,1),COLUMN($H198)+1))+(INDIRECT(ADDRESS(ROW($H$6)+MATCH($A198,$H$7:$H$193,1)+1,COLUMN($H198)+1))-INDIRECT(ADDRESS(ROW($H$6)+MATCH($A198,$H$7:$H$193,1),COLUMN($H198)+1)))*($A198-INDIRECT(ADDRESS(ROW($H$6)+MATCH($A198,$H$7:$H$193,1),COLUMN($H198))))/(INDIRECT(ADDRESS(ROW($H$6)+MATCH($A198,$H$7:$H$193,1)+1,COLUMN($H198)))-INDIRECT(ADDRESS(ROW($H$6)+MATCH($A198,$H$7:$H$193,1),COLUMN($H198)))) -> -0.0014669307 | E198: =D198-$D$2-$D$3*B198 -> 1.1393805e-05
A199: =Messdaten!B198 -> 3.86 | B199: =Messdaten!C198 -> -0.1799 | C199: =Messdaten!D198 -> -1.234 | D199: =INDIRECT(ADDRESS(ROW($H$6)+MATCH($A199,$H$7:$H$193,1),COLUMN($H199)+1))+(INDIRECT(ADDRESS(ROW($H$6)+MATCH($A199,$H$7:$H$193,1)+1,COLUMN($H199)+1))-INDIRECT(ADDRESS(ROW($H$6)+MATCH($A199,$H$7:$H$193,1),COLUMN($H199)+1)))*($A199-INDIRECT(ADDRESS(ROW($H$6)+MATCH($A199,$H$7:$H$193,1),COLUMN($H199))))/(INDIRECT(ADDRESS(ROW($H$6)+MATCH($A199,$H$7:$H$193,1)+1,COLUMN($H199)))-INDIRECT(ADDRESS(ROW($H$6)+MATCH($A199,$H$7:$H$193,1),COLUMN($H199)))) -> -0.0014752202 | E199: =D199-$D$2-$D$3*B199 -> 1.1750668e-05
A200: =Messdaten!B199 -> 3.88 | B200: =Messdaten!C199 -> -0.18086 | C200: =Messdaten!D199 -> -1.251 | D200: =INDIRECT(ADDRESS(ROW($H$6)+MATCH($A200,$H$7:$H$193,1),COLUMN($H200)+1))+(INDIRECT(ADDRESS(ROW($H$6)+MATCH($A200,$H$7:$H$193,1)+1,COLUMN($H200)+1))-INDIRECT(ADDRESS(ROW($H$6)+MATCH($A200,$H$7:$H$193,1),COLUMN($H200)+1)))*($A200-INDIRECT(ADDRESS(ROW($H$6)+MATCH($A200,$H$7:$H$193,1),COLUMN($H200))))/(INDIRECT(ADDRESS(ROW($H$6)+MATCH($A200,$H$7:$H$193,1)+1,COLUMN($H200)))-INDIRECT(ADDRESS(ROW($H$6)+MATCH($A200,$H$7:$H$193,1),COLUMN($H200)))) -> -0.0014835097 | E200: =D200-$D$2-$D$3*B200 -> 1.1442425e-05
A201: =Messdaten!B200 -> 3.9 | B201: =Messdaten!C200 -> -0.18183 | C201: =Messdaten!D200 -> -1.234 | D201: =INDIRECT(ADDRESS(ROW($H$6)+MATCH($A201,$H$7:$H$193,1),COLUMN($H201)+1))+(INDIRECT(ADDRESS(ROW($H$6)+MATCH($A201,$H$7:$H$193,1)+1,COLUMN($H201)+1))-INDIRECT(ADDRESS(ROW($H$6)+MATCH($A201,$H$7:$H$193,1),COLUMN($H201)+1)))*($A201-INDIRECT(ADDRESS(ROW($H$6)+MATCH($A201,$H$7:$H$193,1),COLUMN($H201))))/(INDIRECT(ADDRESS(ROW($H$6)+MATCH($A201,$H$7:$H$193,1)+1,COLUMN($H201)))-INDIRECT(ADDRESS(ROW($H$6)+MATCH($A201,$H$7:$H$193,1),COLUMN($H201)))) -> -0.0014917993 | E201: =D201-$D$2-$D$3*B201 -> 1.121732e-05
... A1381: =Messdaten!B1380 -> 27.5 | B1381: =Messdaten!C1380 -> 0 | C1381: =Messdaten!D1380 -> 0.005 | D1381: =INDIRECT(ADDRESS(ROW($H$6)+MATCH($A1381,$H$7:$H$193,1),COLUMN($H1381)+1))+(INDIRECT(ADDRESS(ROW($H$6)+MATCH($A1381,$H$7:$H$193,1)+1,COLUMN($H1381)+1))-INDIRECT(ADDRESS(ROW($H$6)+MATCH($A1381,$H$7:$H$193,1),COLUMN($H1381)+1)))*($A1381-INDIRECT(ADDRESS(ROW($H$6)+MATCH($A1381,$H$7:$H$193,1),COLUMN($H1381))))/(INDIRECT(ADDRESS(ROW($H$6)+MATCH($A1381,$H$7:$H$193,1)+1,COLUMN($H1381)))-INDIRECT(ADDRESS(ROW($H$6)+MATCH($A1381,$H$7:$H$193,1),COLUMN($H1381)))) -> 1.9000332e-06 | E1381: =D1381-$D$2-$D$3*B1381 -> -6.7845164e-06

Sheet R12
A2: Durchbiegung | C2: a0 = | D2: =INTERCEPT(D7:D1381,B7:B1381) -> 5.0410995e-06 | G2: Widerstand 101
C3: a1 = | D3: =SLOPE(D7:D1381,B7:B1381) -> 0.012725922 | H3: -4.53
A5: Zeit | B5: Pos | C5: Kraft | D5: DR / R | E5: DR / R mionus Gerade | G5: Zeit | H5: Zeit (korr) | I5: DR / R | J5: Widerstand
A6: [s] | B6: [mm] | C6: [N] | G6: [s] | H6: [s] | J6: [W]
A7: =Messdaten!B6 -> 0.02 | B7: =Messdaten!C6 -> 0 | C7: =Messdaten!D6 -> 0.011 | D7: =INDIRECT(ADDRESS(ROW($H$6)+MATCH($A7,$H$7:$H$193,1),COLUMN($H7)+1))+(INDIRECT(ADDRESS(ROW($H$6)+MATCH($A7,$H$7:$H$193,1)+1,COLUMN($H7)+1))-INDIRECT(ADDRESS(ROW($H$6)+MATCH($A7,$H$7:$H$193,1),COLUMN($H7)+1)))*($A7-INDIRECT(ADDRESS(ROW($H$6)+MATCH($A7,$H$7:$H$193,1),COLUMN($H7))))/(INDIRECT(ADDRESS(ROW($H$6)+MATCH($A7,$H$7:$H$193,1)+1,COLUMN($H7)))-INDIRECT(ADDRESS(ROW($H$6)+MATCH($A7,$H$7:$H$193,1),COLUMN($H7)))) -> 4.3663862e-07 | E7: =D7-$D$2-$D$3*B7 -> -4.6044609e-06 | G7: =Messdaten!P5 -> 0.118 | H7: =G7+$H$3 -> -4.412 | I7: =(J7-J$7)/J$7 -> 0 | J7: =Messdaten!O5 -> 7378.0938
A8: =Messdaten!B7 -> 0.04 | B8: =Messdaten!C7 -> 0 | C8: =Messdaten!D7 -> 0.011 | D8: =INDIRECT(ADDRESS(ROW($H$6)+MATCH($A8,$H$7:$H$193,1),COLUMN($H8)+1))+(INDIRECT(ADDRESS(ROW($H$6)+MATCH($A8,$H$7:$H$193,1)+1,COLUMN($H8)+1))-INDIRECT(ADDRESS(ROW($H$6)+MATCH($A8,$H$7:$H$193,1),COLUMN($H8)+1)))*($A8-INDIRECT(ADDRESS(ROW($H$6)+MATCH($A8,$H$7:$H$193,1),COLUMN($H8))))/(INDIRECT(ADDRESS(ROW($H$6)+MATCH($A8,$H$7:$H$193,1)+1,COLUMN($H8)))-INDIRECT(ADDRESS(ROW($H$6)+MATCH($A8,$H$7:$H$193,1),COLUMN($H8)))) -> 2.6835417e-07 | E8: =D8-$D$2-$D$3*B8 -> -4.7727453e-06 | G8: =Messdaten!P6 -> 0.29 | H8: =G8+$H$3 -> -4.24 | I8: =(J8-J$7)/J$7 -> 1.3282564e-07 | J8: =Messdaten!O6 -> 7378.0947
A9: =Messdaten!B8 -> 0.06 | B9: =Messdaten!C8 -> 0 | C9: =Messdaten!D8 -> 0.017 | D9: =INDIRECT(ADDRESS(ROW($H$6)+MATCH($A9,$H$7:$H$193,1),COLUMN($H9)+1))+(INDIRECT(ADDRESS(ROW($H$6)+MATCH($A9,$H$7:$H$193,1)+1,COLUMN($H9)+1))-INDIRECT(ADDRESS(ROW($H$6)+MATCH($A9,$H$7:$H$193,1),COLUMN($H9)+1)))*($A9-INDIRECT(ADDRESS(ROW($H$6)+MATCH($A9,$H$7:$H$193,1),COLUMN($H9))))/(INDIRECT(ADDRESS(ROW($H$6)+MATCH($A9,$H$7:$H$193,1)+1,COLUMN($H9)))-INDIRECT(ADDRESS(ROW($H$6)+MATCH($A9,$H$7:$H$193,1),COLUMN($H9)))) -> 1.0006971e-07 | E9: =D9-$D$2-$D$3*B9 -> -4.9410298e-06 | G9: =Messdaten!P7 -> 0.462 | H9: =G9+$H$3 -> -4.068 | I9: =(J9-J$7)/J$7 -> -9.2706873e-07 | J9: =Messdaten!O7 -> 7378.0869
A10: =Messdaten!B9 -> 0.08 | B10: =Messdaten!C9 -> 0 | C10: =Messdaten!D9 -> 0.011 | D10: =INDIRECT(ADDRESS(ROW($H$6)+MATCH($A10,$H$7:$H$193,1),COLUMN($H10)+1))+(INDIRECT(ADDRESS(ROW($H$6)+MATCH($A10,$H$7:$H$193,1)+1,COLUMN($H10)+1))-INDIRECT(ADDRESS(ROW($H$6)+MATCH($A10,$H$7:$H$193,1),COLUMN($H10)+1)))*($A10-INDIRECT(ADDRESS(ROW($H$6)+MATCH($A10,$H$7:$H$193,1),COLUMN($H10))))/(INDIRECT(ADDRESS(ROW($H$6)+MATCH($A10,$H$7:$H$193,1)+1,COLUMN($H10)))-INDIRECT(ADDRESS(ROW($H$6)+MATCH($A10,$H$7:$H$193,1),COLUMN($H10)))) -> -1.7364415e-07 | E10: =D10-$D$2-$D$3*B10 -> -5.2147436e-06 | G10: =Messdaten!P8 -> 0.634 | H10: =G10+$H$3 -> -3.896 | I10: =(J10-J$7)/J$7 -> -1.9191949e-06 | J10: =Messdaten!O8 -> 7378.0796
A11: =Messdaten!B10 -> 0.1 | B11: =Messdaten!C10 -> 0 | C11: =Messdaten!D10 -> 0.022 | D11: =INDIRECT(ADDRESS(ROW($H$6)+MATCH($A11,$H$7:$H$193,1),COLUMN($H11)+1))+(INDIRECT(ADDRESS(ROW($H$6)+MATCH($A11,$H$7:$H$193,1)+1,COLUMN($H11)+1))-INDIRECT(ADDRESS(ROW($H$6)+MATCH($A11,$H$7:$H$193,1),COLUMN($H11)+1)))*($A11-INDIRECT(ADDRESS(ROW($H$6)+MATCH($A11,$H$7:$H$193,1),COLUMN($H11))))/(INDIRECT(ADDRESS(ROW($H$6)+MATCH($A11,$H$7:$H$193,1)+1,COLUMN($H11)))-INDIRECT(ADDRESS(ROW($H$6)+MATCH($A11,$H$7:$H$193,1),COLUMN($H11)))) -> -4.7371535e-07 | E11: =D11-$D$2-$D$3*B11 -> -5.5148148e-06 | G11: =Messdaten!P9 -> 0.806 | H11: =G11+$H$3 -> -3.724 | I11: =(J11-J$7)/J$7 -> 5.9500464e-07 | J11: =Messdaten!O9 -> 7378.0981
A12: =Messdaten!B11 -> 0.12 | B12: =Messdaten!C11 -> 0 | C12: =Messdaten!D11 -> 0.017 | D12: =INDIRECT(ADDRESS(ROW($H$6)+MATCH($A12,$H$7:$H$193,1),COLUMN($H12)+1))+(INDIRECT(ADDRESS(ROW($H$6)+MATCH($A12,$H$7:$H$193,1)+1,COLUMN($H12)+1))-INDIRECT(ADDRESS(ROW($H$6)+MATCH($A12,$H$7:$H$193,1),COLUMN($H12)+1)))*($A12-INDIRECT(ADDRESS(ROW($H$6)+MATCH($A12,$H$7:$H$193,1),COLUMN($H12))))/(INDIRECT(ADDRESS(ROW($H$6)+MATCH($A12,$H$7:$H$193,1)+1,COLUMN($H12)))-INDIRECT(ADDRESS(ROW($H$6)+MATCH($A12,$H$7:$H$193,1),COLUMN($H12)))) -> -7.7378656e-07 | E12: =D12-$D$2-$D$3*B12 -> -5.814886e-06 | G12: =Messdaten!P10 -> 0.979 | H12: =G12+$H$3 -> -3.551 | I12: =(J12-J$7)/J$7 -> 1.1913646e-06 | J12: =Messdaten!O10 -> 7378.1025
A13: =Messdaten!B12 -> 0.14 | B13: =Messdaten!C12 -> 0 | C13: =Messdaten!D12 -> 0.011 | D13: =INDIRECT(ADDRESS(ROW($H$6)+MATCH($A13,$H$7:$H$193,1),COLUMN($H13)+1))+(INDIRECT(ADDRESS(ROW($H$6)+MATCH($A13,$H$7:$H$193,1)+1,COLUMN($H13)+1))-INDIRECT(ADDRESS(ROW($H$6)+MATCH($A13,$H$7:$H$193,1),COLUMN($H13)+1)))*($A13-INDIRECT(ADDRESS(ROW($H$6)+MATCH($A13,$H$7:$H$193,1),COLUMN($H13))))/(INDIRECT(ADDRESS(ROW($H$6)+MATCH($A13,$H$7:$H$193,1)+1,COLUMN($H13)))-INDIRECT(ADDRESS(ROW($H$6)+MATCH($A13,$H$7:$H$193,1),COLUMN($H13)))) -> -1.0738578e-06 | E13: =D13-$D$2-$D$3*B13 -> -6.1149572e-06 | G13: =Messdaten!P11 -> 1.151 | H13: =G13+$H$3 -> -3.379 | I13: =(J13-J$7)/J$7 -> 6.6412818e-08 | J13: =Messdaten!O11 -> 7378.0942
A14: =Messdaten!B13 -> 0.16 | B14: =Messdaten!C13 -> 0 | C14: =Messdaten!D13 -> 0.011 | D14: =INDIRECT(ADDRESS(ROW($H$6)+MATCH($A14,$H$7:$H$193,1),COLUMN($H14)+1))+(INDIRECT(ADDRESS(ROW($H$6)+MATCH($A14,$H$7:$H$193,1)+1,COLUMN($H14)+1))-INDIRECT(ADDRESS(ROW($H$6)+MATCH($A14,$H$7:$H$193,1),COLUMN($H14)+1)))*($A14-INDIRECT(ADDRESS(ROW($H$6)+MATCH($A14,$H$7:$H$193,1),COLUMN($H14))))/(INDIRECT(ADDRESS(ROW($H$6)+MATCH($A14,$H$7:$H$193,1)+1,COLUMN($H14)))-INDIRECT(ADDRESS(ROW($H$6)+MATCH($A14,$H$7:$H$193,1),COLUMN($H14)))) -> -1.373929e-06 | E14: =D14-$D$2-$D$3*B14 -> -6.4150284e-06 | G14: =Messdaten!P12 -> 1.323 | H14: =G14+$H$3 -> -3.207 | I14: =(J14-J$7)/J$7 -> -6.6412818e-08 | J14: =Messdaten!O12 -> 7378.0933
A15: =Messdaten!B14 -> 0.18 | B15: =Messdaten!C14 -> 0 | C15: =Messdaten!D14 -> 0.011 | D15: =INDIRECT(ADDRESS(ROW($H$6)+MATCH($A15,$H$7:$H$193,1),COLUMN($H15)+1))+(INDIRECT(ADDRESS(ROW($H$6)+MATCH($A15,$H$7:$H$193,1)+1,COLUMN($H15)+1))-INDIRECT(ADDRESS(ROW($H$6)+MATCH($A15,$H$7:$H$193,1),COLUMN($H15)+1)))*($A15-INDIRECT(ADDRESS(ROW($H$6)+MATCH($A15,$H$7:$H$193,1),COLUMN($H15))))/(INDIRECT(ADDRESS(ROW($H$6)+MATCH($A15,$H$7:$H$193,1)+1,COLUMN($H15)))-INDIRECT(ADDRESS(ROW($H$6)+MATCH($A15,$H$7:$H$193,1),COLUMN($H15)))) -> -1.6740002e-06 | E15: =D15-$D$2-$D$3*B15 -> -6.7150996e-06 | G15: =Messdaten!P13 -> 1.495 | H15: =G15+$H$3 -> -3.035 | I15: =(J15-J$7)/J$7 -> -1.3282564e-07 | J15: =Messdaten!O13 -> 7378.0928
A16: =Messdaten!B15 -> 0.2 | B16: =Messdaten!C15 -> 0 | C16: =Messdaten!D15 -> 0.017 | D16: =INDIRECT(ADDRESS(ROW($H$6)+MATCH($A16,$H$7:$H$193,1),COLUMN($H16)+1))+(INDIRECT(ADDRESS(ROW($H$6)+MATCH($A16,$H$7:$H$193,1)+1,COLUMN($H16)+1))-INDIRECT(ADDRESS(ROW($H$6)+MATCH($A16,$H$7:$H$193,1),COLUMN($H16)+1)))*($A16-INDIRECT(ADDRESS(ROW($H$6)+MATCH($A16,$H$7:$H$193,1),COLUMN($H16))))/(INDIRECT(ADDRESS(ROW($H$6)+MATCH($A16,$H$7:$H$193,1)+1,COLUMN($H16)))-INDIRECT(ADDRESS(ROW($H$6)+MATCH($A16,$H$7:$H$193,1),COLUMN($H16)))) -> -1.9740714e-06 | E16: =D16-$D$2-$D$3*B16 -> -7.0151709e-06 | G16: =Messdaten!P14 -> 1.667 | H16: =G16+$H$3 -> -2.863 | I16: =(J16-J$7)/J$7 -> -1.3892477e-06 | J16: =Messdaten!O14 -> 7378.0835
A17: =Messdaten!B16 -> 0.22 | B17: =Messdaten!C16 -> 0 | C17: =Messdaten!D16 -> 0 | D17: =INDIRECT(ADDRESS(ROW($H$6)+MATCH($A17,$H$7:$H$193,1),COLUMN($H17)+1))+(INDIRECT(ADDRESS(ROW($H$6)+MATCH($A17,$H$7:$H$193,1)+1,COLUMN($H17)+1))-INDIRECT(ADDRESS(ROW($H$6)+MATCH($A17,$H$7:$H$193,1),COLUMN($H17)+1)))*($A17-INDIRECT(ADDRESS(ROW($H$6)+MATCH($A17,$H$7:$H$193,1),COLUMN($H17))))/(INDIRECT(ADDRESS(ROW($H$6)+MATCH($A17,$H$7:$H$193,1)+1,COLUMN($H17)))-INDIRECT(ADDRESS(ROW($H$6)+MATCH($A17,$H$7:$H$193,1),COLUMN($H17)))) -> -2.2741426e-06 | E17: =D17-$D$2-$D$3*B17 -> -7.3152421e-06 | G17: =Messdaten!P15 -> 1.839 | H17: =G17+$H$3 -> -2.691 | I17: =(J17-J$7)/J$7 -> -8.6065591e-07 | J17: =Messdaten!O15 -> 7378.0874
A18: =Messdaten!B17 -> 0.24 | B18: =Messdaten!C17 -> 0 | C18: =Messdaten!D17 -> 0.011 | D18: =INDIRECT(ADDRESS(ROW($H$6)+MATCH($A18,$H$7:$H$193,1),COLUMN($H18)+1))+(INDIRECT(ADDRESS(ROW($H$6)+MATCH($A18,$H$7:$H$193,1)+1,COLUMN($H18)+1))-INDIRECT(ADDRESS(ROW($H$6)+MATCH($A18,$H$7:$H$193,1),COLUMN($H18)+1)))*($A18-INDIRECT(ADDRESS(ROW($H$6)+MATCH($A18,$H$7:$H$193,1),COLUMN($H18))))/(INDIRECT(ADDRESS(ROW($H$6)+MATCH($A18,$H$7:$H$193,1)+1,COLUMN($H18)))-INDIRECT(ADDRESS(ROW($H$6)+MATCH($A18,$H$7:$H$193,1),COLUMN($H18)))) -> -4.1117635e-06 | E18: =D18-$D$2-$D$3*B18 -> -9.152863e-06 | G18: =Messdaten!P16 -> 2.011 | H18: =G18+$H$3 -> -2.519 | I18: =(J18-J$7)/J$7 -> -5.9500464e-07 | J18: =Messdaten!O16 -> 7378.0894
... A22: =Messdaten!B21 -> 0.32 | B22: =Messdaten!C21 -> -0.00274 | C22: =Messdaten!D21 -> 0.017 | D22: =INDIRECT(ADDRESS(ROW($H$6)+MATCH($A22,$H$7:$H$193,1),COLUMN($H22)+1))+(INDIRECT(ADDRESS(ROW($H$6)+MATCH($A22,$H$7:$H$193,1)+1,COLUMN($H22)+1))-INDIRECT(ADDRESS(ROW($H$6)+MATCH($A22,$H$7:$H$193,1),COLUMN($H22)+1)))*($A22-INDIRECT(ADDRESS(ROW($H$6)+MATCH($A22,$H$7:$H$193,1),COLUMN($H22))))/(INDIRECT(ADDRESS(ROW($H$6)+MATCH($A22,$H$7:$H$193,1)+1,COLUMN($H22)))-INDIRECT(ADDRESS(ROW($H$6)+MATCH($A22,$H$7:$H$193,1),COLUMN($H22)))) -> -3.6063043e-05 | E22: =D22-$D$2-$D$3*B22 -> -6.2351173e-06 | G22: =Messdaten!P20 -> 2.7 | H22: =G22+$H$3 -> -1.83 | I22: =(J22-J$7)/J$7 -> 3.3070873e-07 | J22: =Messdaten!O20 -> 7378.0962
A23: =Messdaten!B22 -> 0.34 | B23: =Messdaten!C22 -> -0.00374 | C23: =Messdaten!D22 -> 0.011 | D23: =INDIRECT(ADDRESS(ROW($H$6)+MATCH($A23,$H$7:$H$193,1),COLUMN($H23)+1))+(INDIRECT(ADDRESS(ROW($H$6)+MATCH($A23,$H$7:$H$193,1)+1,COLUMN($H23)+1))-INDIRECT(ADDRESS(ROW($H$6)+MATCH($A23,$H$7:$H$193,1),COLUMN($H23)+1)))*($A23-INDIRECT(ADDRESS(ROW($H$6)+MATCH($A23,$H$7:$H$193,1),COLUMN($H23))))/(INDIRECT(ADDRESS(ROW($H$6)+MATCH($A23,$H$7:$H$193,1)+1,COLUMN($H23)))-INDIRECT(ADDRESS(ROW($H$6)+MATCH($A23,$H$7:$H$193,1),COLUMN($H23)))) -> -4.4050863e-05 | E23: =D23-$D$2-$D$3*B23 -> -1.4970155e-06 | G23: =Messdaten!P21 -> 2.872 | H23: =G23+$H$3 -> -1.658 | I23: =(J23-J$7)/J$7 -> -1.058539e-06 | J23: =Messdaten!O21 -> 7378.0859 | AA23: ='R12'!D271 -> -0.0031908641
A24: =Messdaten!B23 -> 0.36 | B24: =Messdaten!C23 -> -0.00475 | C24: =Messdaten!D23 -> 0 | D24: =INDIRECT(ADDRESS(ROW($H$6)+MATCH($A24,$H$7:$H$193,1),COLUMN($H24)+1))+(INDIRECT(ADDRESS(ROW($H$6)+MATCH($A24,$H$7:$H$193,1)+1,COLUMN($H24)+1))-INDIRECT(ADDRESS(ROW($H$6)+MATCH($A24,$H$7:$H$193,1),COLUMN($H24)+1)))*($A24-INDIRECT(ADDRESS(ROW($H$6)+MATCH($A24,$H$7:$H$193,1),COLUMN($H24))))/(INDIRECT(ADDRESS(ROW($H$6)+MATCH($A24,$H$7:$H$193,1)+1,COLUMN($H24)))-INDIRECT(ADDRESS(ROW($H$6)+MATCH($A24,$H$7:$H$193,1),COLUMN($H24)))) -> -5.2038683e-05 | E24: =D24-$D$2-$D$3*B24 -> 3.3683454e-06 | G24: =Messdaten!P22 -> 3.044 | H24: =G24+$H$3 -> -1.486 | I24: =(J24-J$7)/J$7 -> -1.4556605e-06 | J24: =Messdaten!O22 -> 7378.083
A25: =Messdaten!B24 -> 0.38 | B25: =Messdaten!C24 -> -0.00575 | C25: =Messdaten!D24 -> 0 | D25: =INDIRECT(ADDRESS(ROW($H$6)+MATCH($A25,$H$7:$H$193,1),COLUMN($H25)+1))+(INDIRECT(ADDRESS(ROW($H$6)+MATCH($A25,$H$7:$H$193,1)+1,COLUMN($H25)+1))-INDIRECT(ADDRESS(ROW($H$6)+MATCH($A25,$H$7:$H$193,1),COLUMN($H25)+1)))*($A25-INDIRECT(ADDRESS(ROW($H$6)+MATCH($A25,$H$7:$H$193,1),COLUMN($H25))))/(INDIRECT(ADDRESS(ROW($H$6)+MATCH($A25,$H$7:$H$193,1)+1,COLUMN($H25)))-INDIRECT(ADDRESS(ROW($H$6)+MATCH($A25,$H$7:$H$193,1),COLUMN($H25)))) -> -6.0026502e-05 | E25: =D25-$D$2-$D$3*B25 -> 8.1064472e-06 | G25: =Messdaten!P23 -> 3.216 | H25: =G25+$H$3 -> -1.314 | I25: =(J25-J$7)/J$7 -> 1.9788309e-07 | J25: =Messdaten!O23 -> 7378.0952
A26: =Messdaten!B25 -> 0.4 | B26: =Messdaten!C25 -> -0.00683 | C26: =Messdaten!D25 -> -0.012 | D26: =INDIRECT(ADDRESS(ROW($H$6)+MATCH($A26,$H$7:$H$193,1),COLUMN($H26)+1))+(INDIRECT(ADDRESS(ROW($H$6)+MATCH($A26,$H$7:$H$193,1)+1,COLUMN($H26)+1))-INDIRECT(ADDRESS(ROW($H$6)+MATCH($A26,$H$7:$H$193,1),COLUMN($H26)+1)))*($A26-INDIRECT(ADDRESS(ROW($H$6)+MATCH($A26,$H$7:$H$193,1),COLUMN($H26))))/(INDIRECT(ADDRESS(ROW($H$6)+MATCH($A26,$H$7:$H$193,1)+1,COLUMN($H26)))-INDIRECT(ADDRESS(ROW($H$6)+MATCH($A26,$H$7:$H$193,1),COLUMN($H26)))) -> -6.8014322e-05 | E26: =D26-$D$2-$D$3*B26 -> 1.3862623e-05 | G26: =Messdaten!P24 -> 3.389 | H26: =G26+$H$3 -> -1.141 | I26: =(J26-J$7)/J$7 -> 1.4556605e-06 | J26: =Messdaten!O24 -> 7378.1045
A27: =Messdaten!B26 -> 0.42 | B27: =Messdaten!C26 -> -0.00787 | C27: =Messdaten!D26 -> -0.023 | D27: =INDIRECT(ADDRESS(ROW($H$6)+MATCH($A27,$H$7:$H$193,1),COLUMN($H27)+1))+(INDIRECT(ADDRESS(ROW($H$6)+MATCH($A27,$H$7:$H$193,1)+1,COLUMN($H27)+1))-INDIRECT(ADDRESS(ROW($H$6)+MATCH($A27,$H$7:$H$193,1),COLUMN($H27)+1)))*($A27-INDIRECT(ADDRESS(ROW($H$6)+MATCH($A27,$H$7:$H$193,1),COLUMN($H27))))/(INDIRECT(ADDRESS(ROW($H$6)+MATCH($A27,$H$7:$H$193,1)+1,COLUMN($H27)))-INDIRECT(ADDRESS(ROW($H$6)+MATCH($A27,$H$7:$H$193,1),COLUMN($H27)))) -> -7.9086414e-05 | E27: =D27-$D$2-$D$3*B27 -> 1.6025489e-05 | G27: =Messdaten!P25 -> 3.561 | H27: =G27+$H$3 -> -0.969 | I27: =(J27-J$7)/J$7 -> -1.654899e-06 | J27: =Messdaten!O25 -> 7378.0815
A28: =Messdaten!B27 -> 0.44 | B28: =Messdaten!C27 -> -0.00887 | C28: =Messdaten!D27 -> -0.034 | D28: =INDIRECT(ADDRESS(ROW($H$6)+MATCH($A28,$H$7:$H$193,1),COLUMN($H28)+1))+(INDIRECT(ADDRESS(ROW($H$6)+MATCH($A28,$H$7:$H$193,1)+1,COLUMN($H28)+1))-INDIRECT(ADDRESS(ROW($H$6)+MATCH($A28,$H$7:$H$193,1),COLUMN($H28)+1)))*($A28-INDIRECT(ADDRESS(ROW($H$6)+MATCH($A28,$H$7:$H$193,1),COLUMN($H28))))/(INDIRECT(ADDRESS(ROW($H$6)+MATCH($A28,$H$7:$H$193,1)+1,COLUMN($H28)))-INDIRECT(ADDRESS(ROW($H$6)+MATCH($A28,$H$7:$H$193,1),COLUMN($H28)))) -> -9.2214687e-05 | E28: =D28-$D$2-$D$3*B28 -> 1.5623138e-05 | G28: =Messdaten!P26 -> 3.733 | H28: =G28+$H$3 -> -0.797 | I28: =(J28-J$7)/J$7 -> 5.9500464e-07 | J28: =Messdaten!O26 -> 7378.0981
A29: =Messdaten!B28 -> 0.46 | B29: =Messdaten!C28 -> -0.00992 | C29: =Messdaten!D28 -> -0.045 | D29: =INDIRECT(ADDRESS(ROW($H$6)+MATCH($A29,$H$7:$H$193,1),COLUMN($H29)+1))+(INDIRECT(ADDRESS(ROW($H$6)+MATCH($A29,$H$7:$H$193,1)+1,COLUMN($H29)+1))-INDIRECT(ADDRESS(ROW($H$6)+MATCH($A29,$H$7:$H$193,1),COLUMN($H29)+1)))*($A29-INDIRECT(ADDRESS(ROW($H$6)+MATCH($A29,$H$7:$H$193,1),COLUMN($H29))))/(INDIRECT(ADDRESS(ROW($H$6)+MATCH($A29,$H$7:$H$193,1)+1,COLUMN($H29)))-INDIRECT(ADDRESS(ROW($H$6)+MATCH($A29,$H$7:$H$193,1),COLUMN($H29)))) -> -0.00010534296 | E29: =D29-$D$2-$D$3*B29 -> 1.5857083e-05 | G29: =Messdaten!P27 -> 3.905 | H29: =G29+$H$3 -> -0.625 | I29: =(J29-J$7)/J$7 -> -1.8527821e-06 | J29: =Messdaten!O27 -> 7378.0801
A30: =Messdaten!B29 -> 0.48 | B30: =Messdaten!C29 -> -0.01088 | C30: =Messdaten!D29 -> -0.04 | D30: =INDIRECT(ADDRESS(ROW($H$6)+MATCH($A30,$H$7:$H$193,1),COLUMN($H30)+1))+(INDIRECT(ADDRESS(ROW($H$6)+MATCH($A30,$H$7:$H$193,1)+1,COLUMN($H30)+1))-INDIRECT(ADDRESS(ROW($H$6)+MATCH($A30,$H$7:$H$193,1),COLUMN($H30)+1)))*($A30-INDIRECT(ADDRESS(ROW($H$6)+MATCH($A30,$H$7:$H$193,1),COLUMN($H30))))/(INDIRECT(ADDRESS(ROW($H$6)+MATCH($A30,$H$7:$H$193,1)+1,COLUMN($H30)))-INDIRECT(ADDRESS(ROW($H$6)+MATCH($A30,$H$7:$H$193,1),COLUMN($H30)))) -> -0.00011847123 | E30: =D30-$D$2-$D$3*B30 -> 1.4945695e-05 | G30: =Messdaten!P28 -> 4.077 | H30: =G30+$H$3 -> -0.453 | I30: =(J30-J$7)/J$7 -> -2.9113211e-06 | J30: =Messdaten!O28 -> 7378.0723
A31: =Messdaten!B30 -> 0.5 | B31: =Messdaten!C30 -> -0.01188 | C31: =Messdaten!D30 -> -0.051 | D31: =INDIRECT(ADDRESS(ROW($H$6)+MATCH($A31,$H$7:$H$193,1),COLUMN($H31)+1))+(INDIRECT(ADDRESS(ROW($H$6)+MATCH($A31,$H$7:$H$193,1)+1,COLUMN($H31)+1))-INDIRECT(ADDRESS(ROW($H$6)+MATCH($A31,$H$7:$H$193,1),COLUMN($H31)+1)))*($A31-INDIRECT(ADDRESS(ROW($H$6)+MATCH($A31,$H$7:$H$193,1),COLUMN($H31))))/(INDIRECT(ADDRESS(ROW($H$6)+MATCH($A31,$H$7:$H$193,1)+1,COLUMN($H31)))-INDIRECT(ADDRESS(ROW($H$6)+MATCH($A31,$H$7:$H$193,1),COLUMN($H31)))) -> -0.00013159951 | E31: =D31-$D$2-$D$3*B31 -> 1.4543344e-05 | G31: =Messdaten!P29 -> 4.249 | H31: =G31+$H$3 -> -0.281 | I31: =(J31-J$7)/J$7 -> -1.7863693e-06 | J31: =Messdaten!O29 -> 7378.0806
A32: =Messdaten!B31 -> 0.52 | B32: =Messdaten!C31 -> -0.01281 | C32: =Messdaten!D31 -> -0.056 | D32: =INDIRECT(ADDRESS(ROW($H$6)+MATCH($A32,$H$7:$H$193,1),COLUMN($H32)+1))+(INDIRECT(ADDRESS(ROW($H$6)+MATCH($A32,$H$7:$H$193,1)+1,COLUMN($H32)+1))-INDIRECT(ADDRESS(ROW($H$6)+MATCH($A32,$H$7:$H$193,1),COLUMN($H32)+1)))*($A32-INDIRECT(ADDRESS(ROW($H$6)+MATCH($A32,$H$7:$H$193,1),COLUMN($H32))))/(INDIRECT(ADDRESS(ROW($H$6)+MATCH($A32,$H$7:$H$193,1)+1,COLUMN($H32)))-INDIRECT(ADDRESS(ROW($H$6)+MATCH($A32,$H$7:$H$193,1),COLUMN($H32)))) -> -0.00014472778 | E32: =D32-$D$2-$D$3*B32 -> 1.3250178e-05 | G32: =Messdaten!P30 -> 4.421 | H32: =G32+$H$3 -> -0.109 | I32: =(J32-J$7)/J$7 -> 1.5220734e-06 | J32: =Messdaten!O30 -> 7378.105
A33: =Messdaten!B32 -> 0.54 | B33: =Messdaten!C32 -> -0.01385 | C33: =Messdaten!D32 -> -0.068 | D33: =INDIRECT(ADDRESS(ROW($H$6)+MATCH($A33,$H$7:$H$193,1),COLUMN($H33)+1))+(INDIRECT(ADDRESS(ROW($H$6)+MATCH($A33,$H$7:$H$193,1)+1,COLUMN($H33)+1))-INDIRECT(ADDRESS(ROW($H$6)+MATCH($A33,$H$7:$H$193,1),COLUMN($H33)+1)))*($A33-INDIRECT(ADDRESS(ROW($H$6)+MATCH($A33,$H$7:$H$193,1),COLUMN($H33))))/(INDIRECT(ADDRESS(ROW($H$6)+MATCH($A33,$H$7:$H$193,1)+1,COLUMN($H33)))-INDIRECT(ADDRESS(ROW($H$6)+MATCH($A33,$H$7:$H$193,1),COLUMN($H33)))) -> -0.00015785605 | E33: =D33-$D$2-$D$3*B33 -> 1.3356863e-05 | G33: =Messdaten!P31 -> 4.594 | H33: =G33+$H$3 -> 0.064 | I33: =(J33-J$7)/J$7 -> 6.6412818e-08 | J33: =Messdaten!O31 -> 7378.0942
A34: =Messdaten!B33 -> 0.56 | B34: =Messdaten!C33 -> -0.01485 | C34: =Messdaten!D33 -> -0.068 | D34: =INDIRECT(ADDRESS(ROW($H$6)+MATCH($A34,$H$7:$H$193,1),COLUMN($H34)+1))+(INDIRECT(ADDRESS(ROW($H$6)+MATCH($A34,$H$7:$H$193,1)+1,COLUMN($H34)+1))-INDIRECT(ADDRESS(ROW($H$6)+MATCH($A34,$H$7:$H$193,1),COLUMN($H34)+1)))*($A34-INDIRECT(ADDRESS(ROW($H$6)+MATCH($A34,$H$7:$H$193,1),COLUMN($H34))))/(INDIRECT(ADDRESS(ROW($H$6)+MATCH($A34,$H$7:$H$193,1)+1,COLUMN($H34)))-INDIRECT(ADDRESS(ROW($H$6)+MATCH($A34,$H$7:$H$193,1),COLUMN($H34)))) -> -0.00017098432 | E34: =D34-$D$2-$D$3*B34 -> 1.2954512e-05 | G34: =Messdaten!P32 -> 4.766 | H34: =G34+$H$3 -> 0.236 | I34: =(J34-J$7)/J$7 -> -2.5141996e-06 | J34: =Messdaten!O32 -> 7378.0752
A35: =Messdaten!B34 -> 0.58 | B35: =Messdaten!C34 -> -0.01586 | C35: =Messdaten!D34 -> -0.084 | D35: =INDIRECT(ADDRESS(ROW($H$6)+MATCH($A35,$H$7:$H$193,1),COLUMN($H35)+1))+(INDIRECT(ADDRESS(ROW($H$6)+MATCH($A35,$H$7:$H$193,1)+1,COLUMN($H35)+1))-INDIRECT(ADDRESS(ROW($H$6)+MATCH($A35,$H$7:$H$193,1),COLUMN($H35)+1)))*($A35-INDIRECT(ADDRESS(ROW($H$6)+MATCH($A35,$H$7:$H$193,1),COLUMN($H35))))/(INDIRECT(ADDRESS(ROW($H$6)+MATCH($A35,$H$7:$H$193,1)+1,COLUMN($H35)))-INDIRECT(ADDRESS(ROW($H$6)+MATCH($A35,$H$7:$H$193,1),COLUMN($H35)))) -> -0.0001841126 | E35: =D35-$D$2-$D$3*B35 -> 1.267942e-05 | G35: =Messdaten!P33 -> 4.938 | H35: =G35+$H$3 -> 0.408 | I35: =(J35-J$7)/J$7 -> -7.120945e-05 | J35: =Messdaten!O33 -> 7377.5684
... A38: =Messdaten!B37 -> 0.64 | B38: =Messdaten!C37 -> -0.01883 | C38: =Messdaten!D37 -> -0.101 | D38: =INDIRECT(ADDRESS(ROW($H$6)+MATCH($A38,$H$7:$H$193,1),COLUMN($H38)+1))+(INDIRECT(ADDRESS(ROW($H$6)+MATCH($A38,$H$7:$H$193,1)+1,COLUMN($H38)+1))-INDIRECT(ADDRESS(ROW($H$6)+MATCH($A38,$H$7:$H$193,1),COLUMN($H38)+1)))*($A38-INDIRECT(ADDRESS(ROW($H$6)+MATCH($A38,$H$7:$H$193,1),COLUMN($H38))))/(INDIRECT(ADDRESS(ROW($H$6)+MATCH($A38,$H$7:$H$193,1)+1,COLUMN($H38)))-INDIRECT(ADDRESS(ROW($H$6)+MATCH($A38,$H$7:$H$193,1),COLUMN($H38)))) -> -0.00022280476 | E38: =D38-$D$2-$D$3*B38 -> 1.1783242e-05 | G38: =Messdaten!P36 -> 5.454 | H38: =G38+$H$3 -> 0.924 | I38: =(J38-J$7)/J$7 -> -0.00040607914 | J38: =Messdaten!O36 -> 7375.0977
A39: =Messdaten!B38 -> 0.66 | B39: =Messdaten!C38 -> -0.01987 | C39: =Messdaten!D38 -> -0.118 | D39: =INDIRECT(ADDRESS(ROW($H$6)+MATCH($A39,$H$7:$H$193,1),COLUMN($H39)+1))+(INDIRECT(ADDRESS(ROW($H$6)+MATCH($A39,$H$7:$H$193,1)+1,COLUMN($H39)+1))-INDIRECT(ADDRESS(ROW($H$6)+MATCH($A39,$H$7:$H$193,1),COLUMN($H39)+1)))*($A39-INDIRECT(ADDRESS(ROW($H$6)+MATCH($A39,$H$7:$H$193,1),COLUMN($H39))))/(INDIRECT(ADDRESS(ROW($H$6)+MATCH($A39,$H$7:$H$193,1)+1,COLUMN($H39)))-INDIRECT(ADDRESS(ROW($H$6)+MATCH($A39,$H$7:$H$193,1),COLUMN($H39)))) -> -0.00023570215 | E39: =D39-$D$2-$D$3*B39 -> 1.2120813e-05 | G39: =Messdaten!P37 -> 5.627 | H39: =G39+$H$3 -> 1.097 | I39: =(J39-J$7)/J$7 -> -0.00051600456 | J39: =Messdaten!O37 -> 7374.2866 | Z39: Braun-geklebt-12
A40: =Messdaten!B39 -> 0.68 | B40: =Messdaten!C39 -> -0.02091 | C40: =Messdaten!D39 -> -0.124 | D40: =INDIRECT(ADDRESS(ROW($H$6)+MATCH($A40,$H$7:$H$193,1),COLUMN($H40)+1))+(INDIRECT(ADDRESS(ROW($H$6)+MATCH($A40,$H$7:$H$193,1)+1,COLUMN($H40)+1))-INDIRECT(ADDRESS(ROW($H$6)+MATCH($A40,$H$7:$H$193,1),COLUMN($H40)+1)))*($A40-INDIRECT(ADDRESS(ROW($H$6)+MATCH($A40,$H$7:$H$193,1),COLUMN($H40))))/(INDIRECT(ADDRESS(ROW($H$6)+MATCH($A40,$H$7:$H$193,1)+1,COLUMN($H40)))-INDIRECT(ADDRESS(ROW($H$6)+MATCH($A40,$H$7:$H$193,1),COLUMN($H40)))) -> -0.00024859954 | E40: =D40-$D$2-$D$3*B40 -> 1.2458383e-05 | G40: =Messdaten!P38 -> 5.799 | H40: =G40+$H$3 -> 1.269 | I40: =(J40-J$7)/J$7 -> -0.00062447295 | J40: =Messdaten!O38 -> 7373.4863
A41: =Messdaten!B40 -> 0.7 | B41: =Messdaten!C40 -> -0.02191 | C41: =Messdaten!D40 -> -0.124 | D41: =INDIRECT(ADDRESS(ROW($H$6)+MATCH($A41,$H$7:$H$193,1),COLUMN($H41)+1))+(INDIRECT(ADDRESS(ROW($H$6)+MATCH($A41,$H$7:$H$193,1)+1,COLUMN($H41)+1))-INDIRECT(ADDRESS(ROW($H$6)+MATCH($A41,$H$7:$H$193,1),COLUMN($H41)+1)))*($A41-INDIRECT(ADDRESS(ROW($H$6)+MATCH($A41,$H$7:$H$193,1),COLUMN($H41))))/(INDIRECT(ADDRESS(ROW($H$6)+MATCH($A41,$H$7:$H$193,1)+1,COLUMN($H41)))-INDIRECT(ADDRESS(ROW($H$6)+MATCH($A41,$H$7:$H$193,1),COLUMN($H41)))) -> -0.00026149693 | E41: =D41-$D$2-$D$3*B41 -> 1.2286916e-05 | G41: =Messdaten!P39 -> 5.971 | H41: =G41+$H$3 -> 1.441 | I41: =(J41-J$7)/J$7 -> -0.00073446478 | J41: =Messdaten!O39 -> 7372.6748
A42: =Messdaten!B41 -> 0.72 | B42: =Messdaten!C41 -> -0.02292 | C42: =Messdaten!D41 -> -0.129 | D42: =INDIRECT(ADDRESS(ROW($H$6)+MATCH($A42,$H$7:$H$193,1),COLUMN($H42)+1))+(INDIRECT(ADDRESS(ROW($H$6)+MATCH($A42,$H$7:$H$193,1)+1,COLUMN($H42)+1))-INDIRECT(ADDRESS(ROW($H$6)+MATCH($A42,$H$7:$H$193,1),COLUMN($H42)+1)))*($A42-INDIRECT(ADDRESS(ROW($H$6)+MATCH($A42,$H$7:$H$193,1),COLUMN($H42))))/(INDIRECT(ADDRESS(ROW($H$6)+MATCH($A42,$H$7:$H$193,1)+1,COLUMN($H42)))-INDIRECT(ADDRESS(ROW($H$6)+MATCH($A42,$H$7:$H$193,1),COLUMN($H42)))) -> -0.00027439431 | E42: =D42-$D$2-$D$3*B42 -> 1.2242709e-05 | G42: =Messdaten!P40 -> 6.143 | H42: =G42+$H$3 -> 1.613 | I42: =(J42-J$7)/J$7 -> -0.00084187464 | J42: =Messdaten!O40 -> 7371.8823
A43: =Messdaten!B42 -> 0.74 | B43: =Messdaten!C42 -> -0.02388 | C43: =Messdaten!D42 -> -0.141 | D43: =INDIRECT(ADDRESS(ROW($H$6)+MATCH($A43,$H$7:$H$193,1),COLUMN($H43)+1))+(INDIRECT(ADDRESS(ROW($H$6)+MATCH($A43,$H$7:$H$193,1)+1,COLUMN($H43)+1))-INDIRECT(ADDRESS(ROW($H$6)+MATCH($A43,$H$7:$H$193,1),COLUMN($H43)+1)))*($A43-INDIRECT(ADDRESS(ROW($H$6)+MATCH($A43,$H$7:$H$193,1),COLUMN($H43))))/(INDIRECT(ADDRESS(ROW($H$6)+MATCH($A43,$H$7:$H$193,1)+1,COLUMN($H43)))-INDIRECT(ADDRESS(ROW($H$6)+MATCH($A43,$H$7:$H$193,1),COLUMN($H43)))) -> -0.0002872917 | E43: =D43-$D$2-$D$3*B43 -> 1.1562205e-05 | G43: =Messdaten!P41 -> 6.315 | H43: =G43+$H$3 -> 1.785 | I43: =(J43-J$7)/J$7 -> -0.00095226223 | J43: =Messdaten!O41 -> 7371.0679
A44: =Messdaten!B43 -> 0.76 | B44: =Messdaten!C43 -> -0.02492 | C44: =Messdaten!D43 -> -0.146 | D44: =INDIRECT(ADDRESS(ROW($H$6)+MATCH($A44,$H$7:$H$193,1),COLUMN($H44)+1))+(INDIRECT(ADDRESS(ROW($H$6)+MATCH($A44,$H$7:$H$193,1)+1,COLUMN($H44)+1))-INDIRECT(ADDRESS(ROW($H$6)+MATCH($A44,$H$7:$H$193,1),COLUMN($H44)+1)))*($A44-INDIRECT(ADDRESS(ROW($H$6)+MATCH($A44,$H$7:$H$193,1),COLUMN($H44))))/(INDIRECT(ADDRESS(ROW($H$6)+MATCH($A44,$H$7:$H$193,1)+1,COLUMN($H44)))-INDIRECT(ADDRESS(ROW($H$6)+MATCH($A44,$H$7:$H$193,1),COLUMN($H44)))) -> -0.00030019521 | E44: =D44-$D$2-$D$3*B44 -> 1.1893661e-05 | G44: =Messdaten!P42 -> 6.487 | H44: =G44+$H$3 -> 1.957 | I44: =(J44-J$7)/J$7 -> -0.0010610613 | J44: =Messdaten!O42 -> 7370.2651
A45: =Messdaten!B44 -> 0.78 | B45: =Messdaten!C44 -> -0.02585 | C45: =Messdaten!D44 -> -0.152 | D45: =INDIRECT(ADDRESS(ROW($H$6)+MATCH($A45,$H$7:$H$193,1),COLUMN($H45)+1))+(INDIRECT(ADDRESS(ROW($H$6)+MATCH($A45,$H$7:$H$193,1)+1,COLUMN($H45)+1))-INDIRECT(ADDRESS(ROW($H$6)+MATCH($A45,$H$7:$H$193,1),COLUMN($H45)+1)))*($A45-INDIRECT(ADDRESS(ROW($H$6)+MATCH($A45,$H$7:$H$193,1),COLUMN($H45))))/(INDIRECT(ADDRESS(ROW($H$6)+MATCH($A45,$H$7:$H$193,1)+1,COLUMN($H45)))-INDIRECT(ADDRESS(ROW($H$6)+MATCH($A45,$H$7:$H$193,1),COLUMN($H45)))) -> -0.00031310788 | E45: =D45-$D$2-$D$3*B45 -> 1.0816092e-05 | G45: =Messdaten!P43 -> 6.659 | H45: =G45+$H$3 -> 2.129 | I45: =(J45-J$7)/J$7 -> -0.001169134 | J45: =Messdaten!O43 -> 7369.4678
A46: =Messdaten!B45 -> 0.8 | B46: =Messdaten!C45 -> -0.02681 | C46: =Messdaten!D45 -> -0.157 | D46: =INDIRECT(ADDRESS(ROW($H$6)+MATCH($A46,$H$7:$H$193,1),COLUMN($H46)+1))+(INDIRECT(ADDRESS(ROW($H$6)+MATCH($A46,$H$7:$H$193,1)+1,COLUMN($H46)+1))-INDIRECT(ADDRESS(ROW($H$6)+MATCH($A46,$H$7:$H$193,1),COLUMN($H46)+1)))*($A46-INDIRECT(ADDRESS(ROW($H$6)+MATCH($A46,$H$7:$H$193,1),COLUMN($H46))))/(INDIRECT(ADDRESS(ROW($H$6)+MATCH($A46,$H$7:$H$193,1)+1,COLUMN($H46)))-INDIRECT(ADDRESS(ROW($H$6)+MATCH($A46,$H$7:$H$193,1),COLUMN($H46)))) -> -0.00032602056 | E46: =D46-$D$2-$D$3*B46 -> 1.0120301e-05 | G46: =Messdaten!P44 -> 6.831 | H46: =G46+$H$3 -> 2.301 | I46: =(J46-J$7)/J$7 -> -0.0012786609 | J46: =Messdaten!O44 -> 7368.6597
A47: =Messdaten!B46 -> 0.82 | B47: =Messdaten!C46 -> -0.02782 | C47: =Messdaten!D46 -> -0.169 | D47: =INDIRECT(ADDRESS(ROW($H$6)+MATCH($A47,$H$7:$H$193,1),COLUMN($H47)+1))+(INDIRECT(ADDRESS(ROW($H$6)+MATCH($A47,$H$7:$H$193,1)+1,COLUMN($H47)+1))-INDIRECT(ADDRESS(ROW($H$6)+MATCH($A47,$H$7:$H$193,1),COLUMN($H47)+1)))*($A47-INDIRECT(ADDRESS(ROW($H$6)+MATCH($A47,$H$7:$H$193,1),COLUMN($H47))))/(INDIRECT(ADDRESS(ROW($H$6)+MATCH($A47,$H$7:$H$193,1)+1,COLUMN($H47)))-INDIRECT(ADDRESS(ROW($H$6)+MATCH($A47,$H$7:$H$193,1),COLUMN($H47)))) -> -0.00033893323 | E47: =D47-$D$2-$D$3*B47 -> 1.0060807e-05 | G47: =Messdaten!P45 -> 7.004 | H47: =G47+$H$3 -> 2.474 | I47: =(J47-J$7)/J$7 -> -0.0013884535 | J47: =Messdaten!O45 -> 7367.8496
A48: =Messdaten!B47 -> 0.84 | B48: =Messdaten!C47 -> -0.02882 | C48: =Messdaten!D47 -> -0.18 | D48: =INDIRECT(ADDRESS(ROW($H$6)+MATCH($A48,$H$7:$H$193,1),COLUMN($H48)+1))+(INDIRECT(ADDRESS(ROW($H$6)+MATCH($A48,$H$7:$H$193,1)+1,COLUMN($H48)+1))-INDIRECT(ADDRESS(ROW($H$6)+MATCH($A48,$H$7:$H$193,1),COLUMN($H48)+1)))*($A48-INDIRECT(ADDRESS(ROW($H$6)+MATCH($A48,$H$7:$H$193,1),COLUMN($H48))))/(INDIRECT(ADDRESS(ROW($H$6)+MATCH($A48,$H$7:$H$193,1)+1,COLUMN($H48)))-INDIRECT(ADDRESS(ROW($H$6)+MATCH($A48,$H$7:$H$193,1),COLUMN($H48)))) -> -0.00035184591 | E48: =D48-$D$2-$D$3*B48 -> 9.8740529e-06 | G48: =Messdaten!P46 -> 7.176 | H48: =G48+$H$3 -> 2.646 | I48: =(J48-J$7)/J$7 -> -0.0014975182 | J48: =Messdaten!O46 -> 7367.0449
A49: =Messdaten!B48 -> 0.86 | B49: =Messdaten!C48 -> -0.02982 | C49: =Messdaten!D48 -> -0.18 | D49: =INDIRECT(ADDRESS(ROW($H$6)+MATCH($A49,$H$7:$H$193,1),COLUMN($H49)+1))+(INDIRECT(ADDRESS(ROW($H$6)+MATCH($A49,$H$7:$H$193,1)+1,COLUMN($H49)+1))-INDIRECT(ADDRESS(ROW($H$6)+MATCH($A49,$H$7:$H$193,1),COLUMN($H49)+1)))*($A49-INDIRECT(ADDRESS(ROW($H$6)+MATCH($A49,$H$7:$H$193,1),COLUMN($H49))))/(INDIRECT(ADDRESS(ROW($H$6)+MATCH($A49,$H$7:$H$193,1)+1,COLUMN($H49)))-INDIRECT(ADDRESS(ROW($H$6)+MATCH($A49,$H$7:$H$193,1),COLUMN($H49)))) -> -0.00036475858 | E49: =D49-$D$2-$D$3*B49 -> 9.687299e-06 | G49: =Messdaten!P47 -> 7.348 | H49: =G49+$H$3 -> 2.818 | I49: =(J49-J$7)/J$7 -> -0.0016047953 | J49: =Messdaten!O47 -> 7366.2534
A50: =Messdaten!B49 -> 0.88 | B50: =Messdaten!C49 -> -0.03079 | C50: =Messdaten!D49 -> -0.202 | D50: =INDIRECT(ADDRESS(ROW($H$6)+MATCH($A50,$H$7:$H$193,1),COLUMN($H50)+1))+(INDIRECT(ADDRESS(ROW($H$6)+MATCH($A50,$H$7:$H$193,1)+1,COLUMN($H50)+1))-INDIRECT(ADDRESS(ROW($H$6)+MATCH($A50,$H$7:$H$193,1),COLUMN($H50)+1)))*($A50-INDIRECT(ADDRESS(ROW($H$6)+MATCH($A50,$H$7:$H$193,1),COLUMN($H50))))/(INDIRECT(ADDRESS(ROW($H$6)+MATCH($A50,$H$7:$H$193,1)+1,COLUMN($H50)))-INDIRECT(ADDRESS(ROW($H$6)+MATCH($A50,$H$7:$H$193,1),COLUMN($H50)))) -> -0.00037767126 | E50: =D50-$D$2-$D$3*B50 -> 9.1187674e-06 | G50: =Messdaten!P48 -> 7.52 | H50: =G50+$H$3 -> 2.99 | I50: =(J50-J$7)/J$7 -> -0.0017147207 | J50: =Messdaten!O48 -> 7365.4424
A51: =Messdaten!B50 -> 0.9 | B51: =Messdaten!C50 -> -0.03183 | C51: =Messdaten!D50 -> -0.202 | D51: =INDIRECT(ADDRESS(ROW($H$6)+MATCH($A51,$H$7:$H$193,1),COLUMN($H51)+1))+(INDIRECT(ADDRESS(ROW($H$6)+MATCH($A51,$H$7:$H$193,1)+1,COLUMN($H51)+1))-INDIRECT(ADDRESS(ROW($H$6)+MATCH($A51,$H$7:$H$193,1),COLUMN($H51)+1)))*($A51-INDIRECT(ADDRESS(ROW($H$6)+MATCH($A51,$H$7:$H$193,1),COLUMN($H51))))/(INDIRECT(ADDRESS(ROW($H$6)+MATCH($A51,$H$7:$H$193,1)+1,COLUMN($H51)))-INDIRECT(ADDRESS(ROW($H$6)+MATCH($A51,$H$7:$H$193,1),COLUMN($H51)))) -> -0.00039058393 | E51: =D51-$D$2-$D$3*B51 -> 9.4410504e-06 | G51: =Messdaten!P49 -> 7.692 | H51: =G51+$H$3 -> 3.162 | I51: =(J51-J$7)/J$7 -> -0.001825439 | J51: =Messdaten!O49 -> 7364.6255
... A189: =Messdaten!B188 -> 3.66 | B189: =Messdaten!C188 -> -0.16983 | C189: =Messdaten!D188 -> -1.161 | D189: =INDIRECT(ADDRESS(ROW($H$6)+MATCH($A189,$H$7:$H$193,1),COLUMN($H189)+1))+(INDIRECT(ADDRESS(ROW($H$6)+MATCH($A189,$H$7:$H$193,1)+1,COLUMN($H189)+1))-INDIRECT(ADDRESS(ROW($H$6)+MATCH($A189,$H$7:$H$193,1),COLUMN($H189)+1)))*($A189-INDIRECT(ADDRESS(ROW($H$6)+MATCH($A189,$H$7:$H$193,1),COLUMN($H189))))/(INDIRECT(ADDRESS(ROW($H$6)+MATCH($A189,$H$7:$H$193,1)+1,COLUMN($H189)))-INDIRECT(ADDRESS(ROW($H$6)+MATCH($A189,$H$7:$H$193,1),COLUMN($H189)))) -> -0.0021371916 | E189: =D189-$D$2-$D$3*B189 -> 1.901053e-05 | G189: =Messdaten!P187 -> 31.379 | H189: =G189+$H$3 -> 26.849 | I189: =(J189-J$7)/J$7 -> -1.3892477e-06 | J189: =Messdaten!O187 -> 7378.0835
A190: =Messdaten!B189 -> 3.68 | B190: =Messdaten!C189 -> -0.17083 | C190: =Messdaten!D189 -> -1.178 | D190: =INDIRECT(ADDRESS(ROW($H$6)+MATCH($A190,$H$7:$H$193,1),COLUMN($H190)+1))+(INDIRECT(ADDRESS(ROW($H$6)+MATCH($A190,$H$7:$H$193,1)+1,COLUMN($H190)+1))-INDIRECT(ADDRESS(ROW($H$6)+MATCH($A190,$H$7:$H$193,1),COLUMN($H190)+1)))*($A190-INDIRECT(ADDRESS(ROW($H$6)+MATCH($A190,$H$7:$H$193,1),COLUMN($H190))))/(INDIRECT(ADDRESS(ROW($H$6)+MATCH($A190,$H$7:$H$193,1)+1,COLUMN($H190)))-INDIRECT(ADDRESS(ROW($H$6)+MATCH($A190,$H$7:$H$193,1),COLUMN($H190)))) -> -0.0021498182 | E190: =D190-$D$2-$D$3*B190 -> 1.91099e-05
A191: =Messdaten!B190 -> 3.7 | B191: =Messdaten!C190 -> -0.17184 | C191: =Messdaten!D190 -> -1.184 | D191: =INDIRECT(ADDRESS(ROW($H$6)+MATCH($A191,$H$7:$H$193,1),COLUMN($H191)+1))+(INDIRECT(ADDRESS(ROW($H$6)+MATCH($A191,$H$7:$H$193,1)+1,COLUMN($H191)+1))-INDIRECT(ADDRESS(ROW($H$6)+MATCH($A191,$H$7:$H$193,1),COLUMN($H191)+1)))*($A191-INDIRECT(ADDRESS(ROW($H$6)+MATCH($A191,$H$7:$H$193,1),COLUMN($H191))))/(INDIRECT(ADDRESS(ROW($H$6)+MATCH($A191,$H$7:$H$193,1)+1,COLUMN($H191)))-INDIRECT(ADDRESS(ROW($H$6)+MATCH($A191,$H$7:$H$193,1),COLUMN($H191)))) -> -0.0021627079 | E191: =D191-$D$2-$D$3*B191 -> 1.9073415e-05
A192: =Messdaten!B191 -> 3.72 | B192: =Messdaten!C191 -> -0.17288 | C192: =Messdaten!D191 -> -1.184 | D192: =INDIRECT(ADDRESS(ROW($H$6)+MATCH($A192,$H$7:$H$193,1),COLUMN($H192)+1))+(INDIRECT(ADDRESS(ROW($H$6)+MATCH($A192,$H$7:$H$193,1)+1,COLUMN($H192)+1))-INDIRECT(ADDRESS(ROW($H$6)+MATCH($A192,$H$7:$H$193,1),COLUMN($H192)+1)))*($A192-INDIRECT(ADDRESS(ROW($H$6)+MATCH($A192,$H$7:$H$193,1),COLUMN($H192))))/(INDIRECT(ADDRESS(ROW($H$6)+MATCH($A192,$H$7:$H$193,1)+1,COLUMN($H192)))-INDIRECT(ADDRESS(ROW($H$6)+MATCH($A192,$H$7:$H$193,1),COLUMN($H192)))) -> -0.0021755975 | E192: =D192-$D$2-$D$3*B192 -> 1.9418707e-05
A193: =Messdaten!B192 -> 3.74 | B193: =Messdaten!C192 -> -0.17384 | C193: =Messdaten!D192 -> -1.195 | D193: =INDIRECT(ADDRESS(ROW($H$6)+MATCH($A193,$H$7:$H$193,1),COLUMN($H193)+1))+(INDIRECT(ADDRESS(ROW($H$6)+MATCH($A193,$H$7:$H$193,1)+1,COLUMN($H193)+1))-INDIRECT(ADDRESS(ROW($H$6)+MATCH($A193,$H$7:$H$193,1),COLUMN($H193)+1)))*($A193-INDIRECT(ADDRESS(ROW($H$6)+MATCH($A193,$H$7:$H$193,1),COLUMN($H193))))/(INDIRECT(ADDRESS(ROW($H$6)+MATCH($A193,$H$7:$H$193,1)+1,COLUMN($H193)))-INDIRECT(ADDRESS(ROW($H$6)+MATCH($A193,$H$7:$H$193,1),COLUMN($H193)))) -> -0.0021884872 | E193: =D193-$D$2-$D$3*B193 -> 1.8745926e-05
A194: =Messdaten!B193 -> 3.76 | B194: =Messdaten!C193 -> -0.17485 | C194: =Messdaten!D193 -> -1.2 | D194: =INDIRECT(ADDRESS(ROW($H$6)+MATCH($A194,$H$7:$H$193,1),COLUMN($H194)+1))+(INDIRECT(ADDRESS(ROW($H$6)+MATCH($A194,$H$7:$H$193,1)+1,COLUMN($H194)+1))-INDIRECT(ADDRESS(ROW($H$6)+MATCH($A194,$H$7:$H$193,1),COLUMN($H194)+1)))*($A194-INDIRECT(ADDRESS(ROW($H$6)+MATCH($A194,$H$7:$H$193,1),COLUMN($H194))))/(INDIRECT(ADDRESS(ROW($H$6)+MATCH($A194,$H$7:$H$193,1)+1,COLUMN($H194)))-INDIRECT(ADDRESS(ROW($H$6)+MATCH($A194,$H$7:$H$193,1),COLUMN($H194)))) -> -0.0022013768 | E194: =D194-$D$2-$D$3*B194 -> 1.8709441e-05
A195: =Messdaten!B194 -> 3.78 | B195: =Messdaten!C194 -> -0.17589 | C195: =Messdaten!D194 -> -1.212 | D195: =INDIRECT(ADDRESS(ROW($H$6)+MATCH($A195,$H$7:$H$193,1),COLUMN($H195)+1))+(INDIRECT(ADDRESS(ROW($H$6)+MATCH($A195,$H$7:$H$193,1)+1,COLUMN($H195)+1))-INDIRECT(ADDRESS(ROW($H$6)+MATCH($A195,$H$7:$H$193,1),COLUMN($H195)+1)))*($A195-INDIRECT(ADDRESS(ROW($H$6)+MATCH($A195,$H$7:$H$193,1),COLUMN($H195))))/(INDIRECT(ADDRESS(ROW($H$6)+MATCH($A195,$H$7:$H$193,1)+1,COLUMN($H195)))-INDIRECT(ADDRESS(ROW($H$6)+MATCH($A195,$H$7:$H$193,1),COLUMN($H195)))) -> -0.0022142665 | E195: =D195-$D$2-$D$3*B195 -> 1.9054734e-05
A196: =Messdaten!B195 -> 3.8 | B196: =Messdaten!C195 -> -0.17689 | C196: =Messdaten!D195 -> -1.212 | D196: =INDIRECT(ADDRESS(ROW($H$6)+MATCH($A196,$H$7:$H$193,1),COLUMN($H196)+1))+(INDIRECT(ADDRESS(ROW($H$6)+MATCH($A196,$H$7:$H$193,1)+1,COLUMN($H196)+1))-INDIRECT(ADDRESS(ROW($H$6)+MATCH($A196,$H$7:$H$193,1),COLUMN($H196)+1)))*($A196-INDIRECT(ADDRESS(ROW($H$6)+MATCH($A196,$H$7:$H$193,1),COLUMN($H196))))/(INDIRECT(ADDRESS(ROW($H$6)+MATCH($A196,$H$7:$H$193,1)+1,COLUMN($H196)))-INDIRECT(ADDRESS(ROW($H$6)+MATCH($A196,$H$7:$H$193,1),COLUMN($H196)))) -> -0.0022271562 | E196: =D196-$D$2-$D$3*B196 -> 1.889099e-05
A197: =Messdaten!B196 -> 3.82 | B197: =Messdaten!C196 -> -0.17789 | C197: =Messdaten!D196 -> -1.228 | D197: =INDIRECT(ADDRESS(ROW($H$6)+MATCH($A197,$H$7:$H$193,1),COLUMN($H197)+1))+(INDIRECT(ADDRESS(ROW($H$6)+MATCH($A197,$H$7:$H$193,1)+1,COLUMN($H197)+1))-INDIRECT(ADDRESS(ROW($H$6)+MATCH($A197,$H$7:$H$193,1),COLUMN($H197)+1)))*($A197-INDIRECT(ADDRESS(ROW($H$6)+MATCH($A197,$H$7:$H$193,1),COLUMN($H197))))/(INDIRECT(ADDRESS(ROW($H$6)+MATCH($A197,$H$7:$H$193,1)+1,COLUMN($H197)))-INDIRECT(ADDRESS(ROW($H$6)+MATCH($A197,$H$7:$H$193,1),COLUMN($H197)))) -> -0.0022400458 | E197: =D197-$D$2-$D$3*B197 -> 1.8727245e-05
A198: =Messdaten!B197 -> 3.84 | B198: =Messdaten!C197 -> -0.17886 | C198: =Messdaten!D197 -> -1.234 | D198: =INDIRECT(ADDRESS(ROW($H$6)+MATCH($A198,$H$7:$H$193,1),COLUMN($H198)+1))+(INDIRECT(ADDRESS(ROW($H$6)+MATCH($A198,$H$7:$H$193,1)+1,COLUMN($H198)+1))-INDIRECT(ADDRESS(ROW($H$6)+MATCH($A198,$H$7:$H$193,1),COLUMN($H198)+1)))*($A198-INDIRECT(ADDRESS(ROW($H$6)+MATCH($A198,$H$7:$H$193,1),COLUMN($H198))))/(INDIRECT(ADDRESS(ROW($H$6)+MATCH($A198,$H$7:$H$193,1)+1,COLUMN($H198)))-INDIRECT(ADDRESS(ROW($H$6)+MATCH($A198,$H$7:$H$193,1),COLUMN($H198)))) -> -0.0022529355 | E198: =D198-$D$2-$D$3*B198 -> 1.8181724e-05
A199: =Messdaten!B198 -> 3.86 | B199: =Messdaten!C198 -> -0.1799 | C199: =Messdaten!D198 -> -1.234 | D199: =INDIRECT(ADDRESS(ROW($H$6)+MATCH($A199,$H$7:$H$193,1),COLUMN($H199)+1))+(INDIRECT(ADDRESS(ROW($H$6)+MATCH($A199,$H$7:$H$193,1)+1,COLUMN($H199)+1))-INDIRECT(ADDRESS(ROW($H$6)+MATCH($A199,$H$7:$H$193,1),COLUMN($H199)+1)))*($A199-INDIRECT(ADDRESS(ROW($H$6)+MATCH($A199,$H$7:$H$193,1),COLUMN($H199))))/(INDIRECT(ADDRESS(ROW($H$6)+MATCH($A199,$H$7:$H$193,1)+1,COLUMN($H199)))-INDIRECT(ADDRESS(ROW($H$6)+MATCH($A199,$H$7:$H$193,1),COLUMN($H199)))) -> -0.0022658752 | E199: =D199-$D$2-$D$3*B199 -> 1.8476978e-05
A200: =Messdaten!B199 -> 3.88 | B200: =Messdaten!C199 -> -0.18086 | C200: =Messdaten!D199 -> -1.251 | D200: =INDIRECT(ADDRESS(ROW($H$6)+MATCH($A200,$H$7:$H$193,1),COLUMN($H200)+1))+(INDIRECT(ADDRESS(ROW($H$6)+MATCH($A200,$H$7:$H$193,1)+1,COLUMN($H200)+1))-INDIRECT(ADDRESS(ROW($H$6)+MATCH($A200,$H$7:$H$193,1),COLUMN($H200)+1)))*($A200-INDIRECT(ADDRESS(ROW($H$6)+MATCH($A200,$H$7:$H$193,1),COLUMN($H200))))/(INDIRECT(ADDRESS(ROW($H$6)+MATCH($A200,$H$7:$H$193,1)+1,COLUMN($H200)))-INDIRECT(ADDRESS(ROW($H$6)+MATCH($A200,$H$7:$H$193,1),COLUMN($H200)))) -> -0.002278865 | E200: =D200-$D$2-$D$3*B200 -> 1.7704121e-05
A201: =Messdaten!B200 -> 3.9 | B201: =Messdaten!C200 -> -0.18183 | C201: =Messdaten!D200 -> -1.234 | D201: =INDIRECT(ADDRESS(ROW($H$6)+MATCH($A201,$H$7:$H$193,1),COLUMN($H201)+1))+(INDIRECT(ADDRESS(ROW($H$6)+MATCH($A201,$H$7:$H$193,1)+1,COLUMN($H201)+1))-INDIRECT(ADDRESS(ROW($H$6)+MATCH($A201,$H$7:$H$193,1),COLUMN($H201)+1)))*($A201-INDIRECT(ADDRESS(ROW($H$6)+MATCH($A201,$H$7:$H$193,1),COLUMN($H201))))/(INDIRECT(ADDRESS(ROW($H$6)+MATCH($A201,$H$7:$H$193,1)+1,COLUMN($H201)))-INDIRECT(ADDRESS(ROW($H$6)+MATCH($A201,$H$7:$H$193,1),COLUMN($H201)))) -> -0.0022918547 | E201: =D201-$D$2-$D$3*B201 -> 1.7058523e-05
... A1381: =Messdaten!B1380 -> 27.5 | B1381: =Messdaten!C1380 -> 0 | C1381: =Messdaten!D1380 -> 0.005 | D1381: =INDIRECT(ADDRESS(ROW($H$6)+MATCH($A1381,$H$7:$H$193,1),COLUMN($H1381)+1))+(INDIRECT(ADDRESS(ROW($H$6)+MATCH($A1381,$H$7:$H$193,1)+1,COLUMN($H1381)+1))-INDIRECT(ADDRESS(ROW($H$6)+MATCH($A1381,$H$7:$H$193,1),COLUMN($H1381)+1)))*($A1381-INDIRECT(ADDRESS(ROW($H$6)+MATCH($A1381,$H$7:$H$193,1),COLUMN($H1381))))/(INDIRECT(ADDRESS(ROW($H$6)+MATCH($A1381,$H$7:$H$193,1)+1,COLUMN($H1381)))-INDIRECT(ADDRESS(ROW($H$6)+MATCH($A1381,$H$7:$H$193,1),COLUMN($H1381)))) -> -1.4229324e-06 | E1381: =D1381-$D$2-$D$3*B1381 -> -6.4640319e-06

Sheet Messdaten
I1: temp | J1: 25.4
B2: Probenname
B3: Datum: | C3: 30.12.1899 | D3: 0
B4: Zeit | C4: Pos | D4: Kraft | F4: R5 | I4: R4 | L4: R13 | O4: R12
B5: [s] | C5: [mm] | D5: [N] | F5: 7246.4194 | G5: 0 | H5: 101 | I5: 7357.895 | J5: 0.037 | K5: 102 | L5: 7116.3106 | M5: 0.075 | N5: 103 | O5: 7378.0938 | P5: 0.118 | Q5: 104
B6: 0.02 | C6: 0 | D6: 0.011 | F6: 7246.4531 | G6: 0.161 | H6: 101 | I6: 7357.9048 | J6: 0.204 | K6: 102 | L6: 7116.3144 | M6: 0.247 | N6: 103 | O6: 7378.0947 | P6: 0.29 | Q6: 104
B7: 0.04 | C7: 0 | D7: 0.011 | F7: 7246.4556 | G7: 0.333 | H7: 101 | I7: 7357.8999 | J7: 0.376 | K7: 102 | L7: 7116.3106 | M7: 0.419 | N7: 103 | O7: 7378.0869 | P7: 0.462 | Q7: 104
B8: 0.06 | C8: 0 | D8: 0.017 | F8: 7246.4502 | G8: 0.505 | H8: 101 | I8: 7357.8897 | J8: 0.548 | K8: 102 | L8: 7116.313 | M8: 0.591 | N8: 103 | O8: 7378.0796 | P8: 0.634 | Q8: 104
B9: 0.08 | C9: 0 | D9: 0.011 | F9: 7246.4541 | G9: 0.677 | H9: 101 | I9: 7357.9009 | J9: 0.72 | K9: 102 | L9: 7116.3091 | M9: 0.763 | N9: 103 | O9: 7378.0981 | P9: 0.806 | Q9: 104
B10: 0.1 | C10: 0 | D10: 0.022 | F10: 7246.4614 | G10: 0.849 | H10: 101 | I10: 7357.9048 | J10: 0.892 | K10: 102 | L10: 7116.3213 | M10: 0.936 | N10: 103 | O10: 7378.1025 | P10: 0.979 | Q10: 104
B11: 0.12 | C11: 0 | D11: 0.017 | F11: 7246.436 | G11: 1.022 | H11: 101 | I11: 7357.9087 | J11: 1.065 | K11: 102 | L11: 7116.3076 | M11: 1.108 | N11: 103 | O11: 7378.0942 | P11: 1.151 | Q11: 104
B12: 0.14 | C12: 0 | D12: 0.011 | F12: 7246.4492 | G12: 1.194 | H12: 101 | I12: 7357.897 | J12: 1.237 | K12: 102 | L12: 7116.3237 | M12: 1.28 | N12: 103 | O12: 7378.0933 | P12: 1.323 | Q12: 104
B13: 0.16 | C13: 0 | D13: 0.011 | F13: 7246.4482 | G13: 1.366 | H13: 101 | I13: 7357.9004 | J13: 1.409 | K13: 102 | L13: 7116.3091 | M13: 1.452 | N13: 103 | O13: 7378.0928 | P13: 1.495 | Q13: 104
B14: 0.18 | C14: 0 | D14: 0.011 | F14: 7246.4663 | G14: 1.538 | H14: 101 | I14: 7357.9077 | J14: 1.581 | K14: 102 | L14: 7116.3091 | M14: 1.624 | N14: 103 | O14: 7378.0835 | P14: 1.667 | Q14: 104
B15: 0.2 | C15: 0 | D15: 0.017 | F15: 7246.4531 | G15: 1.71 | H15: 101 | I15: 7357.9004 | J15: 1.753 | K15: 102 | L15: 7116.313 | M15: 1.796 | N15: 103 | O15: 7378.0874 | P15: 1.839 | Q15: 104
B16: 0.22 | C16: 0 | D16: 0 | F16: 7246.4478 | G16: 1.882 | H16: 101 | I16: 7357.8994 | J16: 1.925 | K16: 102 | L16: 7116.3071 | M16: 1.968 | N16: 103 | O16: 7378.0894 | P16: 2.011 | Q16: 104
B17: 0.24 | C17: 0 | D17: 0.011 | F17: 7246.4575 | G17: 2.054 | H17: 101 | I17: 7357.895 | J17: 2.097 | K17: 102 | L17: 7116.3096 | M17: 2.14 | N17: 103 | O17: 7378.083 | P17: 2.184 | Q17: 104
... B193: 3.76 | C193: -0.17485 | D193: -1.2 | F193: 7246.4653 | G193: 32.278 | H193: 101 | I193: 7357.9219 | J193: 32.321 | K193: 102 | L193: 7116.3149 | M193: 32.364 | N193: 103 | O193: 7378.0854 | P193: 32.407 | Q193: 104
B194: 3.78 | C194: -0.17589 | D194: -1.212 | F194: 7246.4746 | G194: 32.45 | H194: 101 | I194: 7357.9233 | J194: 32.493 | K194: 102
B195: 3.8 | C195: -0.17689 | D195: -1.212
B196: 3.82 | C196: -0.17789 | D196: -1.228
B197: 3.84 | C197: -0.17886 | D197: -1.234
B198: 3.86 | C198: -0.1799 | D198: -1.234
B199: 3.88 | C199: -0.18086 | D199: -1.251
B200: 3.9 | C200: -0.18183 | D200: -1.234
B201: 3.92 | C201: -0.18283 | D201: -1.268
B202: 3.94 | C202: -0.18383 | D202: -1.262
B203: 3.96 | C203: -0.18468 | D203: -1.268
B204: 3.98 | C204: -0.18588 | D204: -1.279
B205: 4 | C205: -0.18688 | D205: -1.29
B206: 4.02 | C206: -0.18789 | D206: -1.301
... B1380: 27.5 | C1380: 0 | D1380: 0.005

Sheet Auswertung neu
B2: Bestimmung Gauge-Faktor - Druck/Zugmaschine | L2: Messmethode | N2: R in Ohm | S2: GF L | T2: H Long in % | U2: GF T | V2: H Trans in %
N3: R12 | O3: R13 | P3: R4 | Q3: R5 | R3: Mittelwert
E4: d | F4: Substratdicke | H4: [mm] | I4: 0.66 | L4: Druck/Zugmaschiene | N4: ='R12'!J7 -> 7378.0938 | O4: ='R13'!J7 -> 7116.3106 | P4: ='R4'!J7 -> 7357.895 | Q4: ='R5'!J7 -> 7246.4194 | R4: =AVERAGE(N4:Q4) -> 7274.6797 | S4: =G85 -> 9.1513737 | T4: =AVERAGE(X27,X43,AF43,AF27) -> 0.0028059403 | U4: =C85 -> 6.2117558 | V4: =AVERAGE(H27,H43,P43,P27) -> 0.0018341486
E5: w | F5: Durchbiegung | H5: [mm]
E6: l | F6: Abstand Auflage | H6: [mm] | I6: 50
E7: xw | F7: Position DSW | H7: [mm]
E8: xwL | F8: mm | I8: 2.7955
E9: xwT | F9: mm | I9: 3.222
B13: transversal | R13: longitudinal
B16: w in µm | C16: Zyklus 1 | D16: R13in Ohm | J16: w in µm | K16: Zyklus 1 | L16: R5 in Ohm | R16: w in µm | S16: Zyklus 1 | T16: R4 in Ohm | Z16: w in µm | AA16: Zyklus 1 | AB16: R12 in Ohm
C17: DR / R | D17: DR | E17: DR + R0 | F17: Hysterese | G17: H in % | K17: DR / R | L17: DR | M17: DR + R0 | N17: Hysterese | O17: H in % | S17: DR / R | T17: DR | U17: DR + R0 | V17: Hysterese | W17: H in % | AA17: DR / R | AB17: DR | AC17: DR + R0 | AD17: Hysterese | AE17: H in %
B18: ='R13'!B7 -> 0 | C18: ='R13'!D7 -> -6.1512195e-07 | D18: =C18*$O$4 -> -0.0043773988 | E18: =1*D18/C18+D18 -> 7116.3062 | F18: =ABS(E18-E30) -> 0.11147464 | G18: =ABS(F18/$D$24) -> 0.0063189613 | J18: ='R5'!B7 -> 0 | K18: ='R5'!D7 -> 2.5168886e-06 | L18: =K18*$Q$4 -> 0.01823843 | M18: =1*L18/K18+L18 -> 7246.4377 | N18: =ABS(M18-M30) -> 0.044019477 | O18: =ABS(N18/$M$24) -> 6.0909482e-06 | R18: ='R4'!B7 -> 0 | S18: ='R4'!D7 -> 1.9662474e-06 | T18: =S18*$P$4 -> 0.014467442 | U18: =1*T18/S18+T18 -> 7357.9095 | V18: =ABS(U18-U30) -> 0.11994035 | W18: =ABS(V18/$T$24) -> 0.0041476023 | Z18: ='R12'!B7 -> 0 | AA18: ='R12'!D7 -> 4.3663862e-07 | AB18: =AA18*$N$4 -> 0.0032215607 | AC18: =1*AB18/AA18+AB18 -> 7378.097 | AD18: =ABS(AC18-AC30) -> 0.12918993 | AE18: =ABS(AD18/$AB$24) -> 0.0046165734
B19: ='R13'!B71 -> -0.05185 | C19: ='R13'!D71 -> -0.00041596648 | D19: =C19*$O$4 -> -2.9601466 | E19: =1*D19/C19+D19 -> 7113.3504 | F19: =ABS(E19-E29) -> 0.08376894 | G19: =ABS(F19/$D$24) -> 0.0047484585 | J19: ='R5'!B71 -> -0.05185 | K19: ='R5'!D71 -> -0.0004529743 | L19: =K19*$Q$4 -> -3.2824417 | M19: =1*L19/K19+L19 -> 7243.137 | N19: =ABS(M19-M29) -> 0.11486948 | O19: =ABS(N19/$M$24) -> 1.5894419e-05 | R19: ='R4'!B71 -> -0.05185 | S19: ='R4'!D71 -> -0.00066196083 | T19: =S19*$P$4 -> -4.8706383 | U19: =1*T19/S19+T19 -> 7353.0244 | V19: =ABS(U19-U29) -> 0.14498369 | W19: =ABS(V19/$T$24) -> 0.0050136147 | Z19: ='R12'!B71 -> -0.05185 | AA19: ='R12'!D71 -> -0.00064429706 | AB19: =AA19*$N$4 -> -4.7536841 | AC19: =1*AB19/AA19+AB19 -> 7373.3401 | AD19: =ABS(AC19-AC29) -> 0.13165586 | AE19: =ABS(AD19/$AB$24) -> 0.0047046928
B20: ='R13'!B121 -> -0.10181 | C20: ='R13'!D121 -> -0.00082830228 | D20: =C20*$O$4 -> -5.8944562 | E20: =1*D20/C20+D20 -> 7110.4161 | F20: =ABS(E20-E28) -> 0.070459964 | G20: =ABS(F20/$D$24) -> 0.0039940367 | J20: ='R5'!B121 -> -0.10181 | K20: ='R5'!D121 -> -0.00089902606 | L20: =K20*$Q$4 -> -6.5147199 | M20: =1*L20/K20+L20 -> 7239.9047 | N20: =ABS(M20-M28) -> 0.10533924 | O20: =ABS(N20/$M$24) -> 1.4575727e-05 | R20: ='R4'!B121 -> -0.10181 | S20: ='R4'!D121 -> -0.0013167652 | T20: =S20*$P$4 -> -9.6886198 | U20: =1*T20/S20+T20 -> 7348.2064 | V20: =ABS(U20-U28) -> 0.11537529 | W20: =ABS(V20/$T$24) -> 0.0039897402 | Z20: ='R12'!B121 -> -0.10181 | AA20: ='R12'!D121 -> -0.0012780241 | AB20: =AA20*$N$4 -> -9.4293817 | AC20: =1*AB20/AA20+AB20 -> 7368.6644 | AD20: =ABS(AC20-AC28) -> 0.089414128 | AE20: =ABS(AD20/$AB$24) -> 0.0031951939
B21: ='R13'!B171 -> -0.15189 | C21: ='R13'!D171 -> -0.0012418416 | D21: =C21*$O$4 -> -8.8373305 | E21: =1*D21/C21+D21 -> 7107.4732 | F21: =ABS(E21-E27) -> 0.066041977 | G21: =ABS(F21/$D$24) -> 0.0037436022 | J21: ='R5'!B171 -> -0.15189 | K21: ='R5'!D171 -> -0.0013445512 | L21: =K21*$Q$4 -> -9.7431818 | M21: =1*L21/K21+L21 -> 7236.6762 | N21: =ABS(M21-M27) -> 0.085353721 | O21: =ABS(N21/$M$24) -> 1.1810342e-05 | R21: ='R4'!B171 -> -0.15189 | S21: ='R4'!D171 -> -0.0019692878 | T21: =S21*$P$4 -> -14.489813 | U21: =1*T21/S21+T21 -> 7343.4052 | V21: =ABS(U21-U27) -> 0.082471628 | W21: =ABS(V21/$T$24) -> 0.0028519136 | Z21: ='R12'!B171 -> -0.15189 | AA21: ='R12'!D171 -> -0.0019113513 | AB21: =AA21*$N$4 -> -14.102129 | AC21: =1*AB21/AA21+AB21 -> 7363.9916 | AD21: =ABS(AC21-AC27) -> 0.067535698 | AE21: =ABS(AD21/$AB$24) -> 0.0024133731
B22: ='R13'!B221 -> -0.20189 | C22: ='R13'!D221 -> -0.0016597842 | D22: =C22*$O$4 -> -11.81154 | E22: =1*D22/C22+D22 -> 7104.499 | F22: =ABS(E22-E26) -> 0.038790814 | G22: =ABS(F22/$D$24) -> 0.0021988648 | J22: ='R5'!B221 -> -0.20189 | K22: ='R5'!D221 -> -0.0017913484 | L22: =K22*$Q$4 -> -12.980862 | M22: =1*L22/K22+L22 -> 7233.4386 | N22: =ABS(M22-M26) -> 0.055877907 | O22: =ABS(N22/$M$24) -> 7.7317919e-06 | R22: ='R4'!B221 -> -0.20189 | S22: ='R4'!D221 -> -0.0026296211 | T22: =S22*$P$4 -> -19.348476 | U22: =1*T22/S22+T22 -> 7338.5465 | V22: =ABS(U22-U26) -> 0.050066047 | W22: =ABS(V22/$T$24) -> 0.0017313111 | Z22: ='R12'!B221 -> -0.20189 | AA22: ='R12'!D221 -> -0.002547042 | AB22: =AA22*$N$4 -> -18.792314 | AC22: =1*AB22/AA22+AB22 -> 7359.3014 | AD22: =ABS(AC22-AC26) -> 0.040779244 | AE22: =ABS(AD22/$AB$24) -> 0.0014572372
B23: ='R13'!B271 -> -0.25185 | C23: ='R13'!D271 -> -0.0020853798 | D23: =C23*$O$4 -> -14.84021 | E23: =1*D23/C23+D23 -> 7101.4703 | F23: =ABS(E23-E25) -> 0.079201157 | G23: =ABS(F23/$D$24) -> 0.0044895329 | J23: ='R5'!B271 -> -0.25185 | K23: ='R5'!D271 -> -0.0022449383 | L23: =K23*$Q$4 -> -16.267765 | M23: =1*L23/K23+L23 -> 7230.1517 | N23: =ABS(M23-M25) -> 0.077443488 | O23: =ABS(N23/$M$24) -> 1.0715808e-05 | R23: ='R4'!B271 -> -0.25185 | S23: ='R4'!D271 -> -0.0032957162 | T23: =S23*$P$4 -> -24.249534 | U23: =1*T23/S23+T23 -> 7333.6455 | V23: =ABS(U23-U25) -> 0.074478461 | W23: =ABS(V23/$T$24) -> 0.0025755056 | Z23: ='R12'!B271 -> -0.25185 | AA23: ='R12'!D271 -> -0.0031908641 | AB23: =AA23*$N$4 -> -23.542495 | AC23: =1*AB23/AA23+AB23 -> 7354.5513 | AD23: =ABS(AC23-AC25) -> 0.067177427 | AE23: =ABS(AD23/$AB$24) -> 0.0024005703
B24: ='R13'!B330 -> -0.29977 | C24: ='R13'!D330 -> -0.002478994 | D24: =C24*$O$4 -> -17.641291 | E24: =1*D24/C24+D24 -> 7098.6693 | J24: ='R5'!B330 -> -0.29977 | K24: ='R5'!D330 -> -0.0026754633 | L24: =K24*$Q$4 -> -19.387529 | M24: =1*L24/K24+L24 -> 7227.0319 | R24: ='R4'!B330 -> -0.29977 | S24: ='R4'!D330 -> -0.0039301996 | T24: =S24*$P$4 -> -28.917996 | U24: =1*T24/S24+T24 -> 7328.977 | Z24: ='R12'!B330 -> -0.29977 | AA24: ='R12'!D330 -> -0.0037928421 | AB24: =AA24*$N$4 -> -27.983944 | AC24: =1*AB24/AA24+AB24 -> 7350.1098
B25: ='R13'!B381 -> -0.24915 | C25: ='R13'!D381 -> -0.0020742503 | D25: =C25*$O$4 -> -14.761009 | E25: =1*D25/C25+D25 -> 7101.5495 | G25: Max | H25: =MAX(G18:G23) -> 0.0063189613 | J25: ='R5'!B381 -> -0.24915 | K25: ='R5'!D381 -> -0.0022342512 | L25: =K25*$Q$4 -> -16.190321 | M25: =1*L25/K25+L25 -> 7230.2291 | O25: Max | P25: =MAX(O18:O23) -> 1.5894419e-05 | R25: ='R4'!B381 -> -0.24915 | S25: ='R4'!D381 -> -0.003285594 | T25: =S25*$P$4 -> -24.175055 | U25: =1*T25/S25+T25 -> 7333.72 | W25: Max | X25: =MAX(W18:W23) -> 0.0050136147 | Z25: ='R12'!B381 -> -0.24915 | AA25: ='R12'!D381 -> -0.0031817592 | AB25: =AA25*$N$4 -> -23.475317 | AC25: =1*AB25/AA25+AB25 -> 7354.6184 | AE25: Max | AF25: =MAX(AE18:AE23) -> 0.0047046928
B26: ='R13'!B431 -> -0.19915 | C26: ='R13'!D431 -> -0.0016543332 | D26: =C26*$O$4 -> -11.772749 | E26: =1*D26/C26+D26 -> 7104.5378 | G26: Min | H26: =MIN(G18:G23) -> 0.0021988648 | J26: ='R5'!B431 -> -0.19915 | K26: ='R5'!D431 -> -0.0017836373 | L26: =K26*$Q$4 -> -12.924984 | M26: =1*L26/K26+L26 -> 7233.4944 | O26: Min | P26: =MIN(O18:O23) -> 6.0909482e-06 | R26: ='R4'!B431 -> -0.19915 | S26: ='R4'!D431 -> -0.0026228167 | T26: =S26*$P$4 -> -19.29841 | U26: =1*T26/S26+T26 -> 7338.5966 | W26: Min | X26: =MIN(W18:W23) -> 0.0017313111 | Z26: ='R12'!B431 -> -0.19915 | AA26: ='R12'!D431 -> -0.0025415149 | AB26: =AA26*$N$4 -> -18.751535 | AC26: =1*AB26/AA26+AB26 -> 7359.3422 | AE26: Min | AF26: =MIN(AE18:AE23) -> 0.0014572372
B27: ='R13'!B481 -> -0.14911 | C27: ='R13'!D481 -> -0.0012325612 | D27: =C27*$O$4 -> -8.7712885 | E27: =1*D27/C27+D27 -> 7107.5393 | G27: Mean | H27: =AVERAGE(G18:G23) -> 0.0042489094 | J27: ='R5'!B481 -> -0.14911 | K27: ='R5'!D481 -> -0.0013327724 | L27: =K27*$Q$4 -> -9.6578281 | M27: =1*L27/K27+L27 -> 7236.7616 | O27: Mean | P27: =AVERAGE(O18:O23) -> 1.1136506e-05 | R27: ='R4'!B481 -> -0.14911 | S27: ='R4'!D481 -> -0.0019580792 | T27: =S27*$P$4 -> -14.407341 | U27: =1*T27/S27+T27 -> 7343.4877 | W27: Mean | X27: =AVERAGE(W18:W23) -> 0.0033849479 | Z27: ='R12'!B481 -> -0.14911 | AA27: ='R12'!D481 -> -0.0019021978 | AB27: =AA27*$N$4 -> -14.034594 | AC27: =1*AB27/AA27+AB27 -> 7364.0592 | AE27: Mean | AF27: =AVERAGE(AE18:AE23) -> 0.0031312734
B28: ='R13'!B531 -> -0.09919 | C28: ='R13'!D531 -> -0.00081840109 | D28: =C28*$O$4 -> -5.8239963 | E28: =1*D28/C28+D28 -> 7110.4866 | J28: ='R5'!B531 -> -0.09919 | K28: ='R5'!D531 -> -0.00088448933 | L28: =K28*$Q$4 -> -6.4093807 | M28: =1*L28/K28+L28 -> 7240.01 | R28: ='R4'!B531 -> -0.09919 | S28: ='R4'!D531 -> -0.0013010847 | T28: =S28*$P$4 -> -9.5732445 | U28: =1*T28/S28+T28 -> 7348.3218 | Z28: ='R12'!B531 -> -0.09919 | AA28: ='R12'!D531 -> -0.0012659053 | AB28: =AA28*$N$4 -> -9.3399676 | AC28: =1*AB28/AA28+AB28 -> 7368.7538
B29: ='R13'!B581 -> -0.04923 | C29: ='R13'!D581 -> -0.00040419508 | D29: =C29*$O$4 -> -2.8763777 | E29: =1*D29/C29+D29 -> 7113.4342 | J29: ='R5'!B581 -> -0.04923 | K29: ='R5'!D581 -> -0.0004371224 | L29: =K29*$Q$4 -> -3.1675723 | M29: =1*L29/K29+L29 -> 7243.2519 | R29: ='R4'!B581 -> -0.04923 | S29: ='R4'!D581 -> -0.00064225633 | T29: =S29*$P$4 -> -4.7256546 | U29: =1*T29/S29+T29 -> 7353.1694 | Z29: ='R12'!B581 -> -0.04923 | AA29: ='R12'!D581 -> -0.00062645291 | AB29: =AA29*$N$4 -> -4.6220283 | AC29: =1*AB29/AA29+AB29 -> 7373.4717
B30: ='R13'!B639 -> 0 | C30: ='R13'!D639 -> -1.6279789e-05 | D30: =C30*$O$4 -> -0.11585203 | E30: =1*D30/C30+D30 -> 7116.1947 | J30: ='R5'!B639 -> 0 | K30: ='R5'!D639 -> -3.5577635e-06 | L30: =K30*$Q$4 -> -0.025781047 | M30: =1*L30/K30+L30 -> 7246.3936 | R30: ='R4'!B639 -> 0 | S30: ='R4'!D639 -> -1.4334658e-05 | T30: =S30*$P$4 -> -0.10547291 | U30: =1*T30/S30+T30 -> 7357.7895 | Z30: ='R12'!B639 -> 0 | AA30: ='R12'!D639 -> -1.7073295e-05 | AB30: =AA30*$N$4 -> -0.12596837 | AC30: =1*AB30/AA30+AB30 -> 7377.9678
B32: w in µm | C32: Zyklus 2 | D32: R13in Ohm | J32: w in µm | K32: Zyklus 2 | L32: R5 in Ohm | R32: w in µm | S32: Zyklus 2 | T32: R4 in Ohm | Z32: w in µm | AA32: Zyklus 2 | AB32: R12 in Ohm
C33: DR / R | D33: DR | E33: DR + R0 | F33: Hysterese | G33: H in % | K33: DR / R | L33: DR | M33: DR + R0 | N33: Hysterese | O33: H in % | S33: DR / R | T33: DR | U33: DR + R0 | V33: Hysterese | W33: H in % | AA33: DR / R | AB33: DR | AC33: DR + R0 | AD33: Hysterese | AE33: H in %
B34: ='R13'!B639 -> 0 | C34: ='R13'!D639 -> -1.6279789e-05 | D34: =C34*$O$4 -> -0.11585203 | E34: =1*D34/C34+D34 -> 7116.1947 | F34: =ABS(E34-E46) -> 0.12937326 | G34: =ABS(F34/$D$40) -> 0.0073303407 | J34: ='R5'!B639 -> 0 | K34: ='R5'!D639 -> -3.5577635e-06 | L34: =K34*$Q$4 -> -0.025781047 | M34: =1*L34/K34+L34 -> 7246.3936 | N34: =ABS(M34-M46) -> 0.066986795 | O34: =ABS(N34/$M$40) -> 9.2688629e-06 | R34: ='R4'!B639 -> 0 | S34: ='R4'!D639 -> -1.4334658e-05 | T34: =S34*$P$4 -> -0.10547291 | U34: =1*T34/S34+T34 -> 7357.7895 | V34: =ABS(U34-U46) -> 0.14189828 | W34: =ABS(V34/$T$40) -> 0.0049233722 | Z34: ='R12'!B639 -> 0 | AA34: ='R12'!D639 -> -1.7073295e-05 | AB34: =AA34*$N$4 -> -0.12596837 | AC34: =1*AB34/AA34+AB34 -> 7377.9678 | AD34: =ABS(AC34-AC46) -> 0.11546984 | AE34: =ABS(AD34/$AB$40) -> 0.0041150631
B35: ='R13'!B694 -> -0.05185 | C35: ='R13'!D694 -> -0.00041678628 | D35: =C35*$O$4 -> -2.9659806 | E35: =1*D35/C35+D35 -> 7113.3446 | F35: =ABS(E35-E45) -> 0.096126689 | G35: =ABS(F35/$D$40) -> 0.0054465766 | J35: ='R5'!B694 -> -0.05185 | K35: ='R5'!D694 -> -0.00045470628 | L35: =K35*$Q$4 -> -3.2949924 | M35: =1*L35/K35+L35 -> 7243.1244 | N35: =ABS(M35-M45) -> 0.13286561 | O35: =ABS(N35/$M$40) -> 1.8384417e-05 | R35: ='R4'!B694 -> -0.05185 | S35: ='R4'!D694 -> -0.00066251317 | T35: =S35*$P$4 -> -4.8747023 | U35: =1*T35/S35+T35 -> 7353.0203 | V35: =ABS(U35-U45) -> 0.16639663 | W35: =ABS(V35/$T$40) -> 0.0057733787 | Z35: ='R12'!B694 -> -0.05185 | AA35: ='R12'!D694 -> -0.0006465784 | AB35: =AA35*$N$4 -> -4.770516 | AC35: =1*AB35/AA35+AB35 -> 7373.3232 | AD35: =ABS(AC35-AC45) -> 0.13530883 | AE35: =ABS(AD35/$AB$40) -> 0.0048220762
B36: ='R13'!B744 -> -0.10181 | C36: ='R13'!D744 -> -0.0008248621 | D36: =C36*$O$4 -> -5.8699749 | E36: =1*D36/C36+D36 -> 7110.4406 | F36: =ABS(E36-E44) -> 0.0041860166 | G36: =ABS(F36/$D$40) -> 0.00023718137 | J36: ='R5'!B744 -> -0.10181 | K36: ='R5'!D744 -> -0.00089700296 | L36: =K36*$Q$4 -> -6.5000596 | M36: =1*L36/K36+L36 -> 7239.9194 | N36: =ABS(M36-M44) -> 0.018151579 | O36: =ABS(N36/$M$40) -> 2.5116069e-06 | R36: ='R4'!B744 -> -0.10181 | S36: ='R4'!D744 -> -0.0013139401 | T36: =S36*$P$4 -> -9.6678333 | U36: =1*T36/S36+T36 -> 7348.2272 | V36: =ABS(U36-U44) -> 0.0058066469 | W36: =ABS(V36/$T$40) -> 0.00020147026 | Z36: ='R12'!B744 -> -0.10181 | AA36: ='R12'!D744 -> -0.0012746497 | AB36: =AA36*$N$4 -> -9.4044847 | AC36: =1*AB36/AA36+AB36 -> 7368.6893 | AD36: =ABS(AC36-AC44) -> 0.02418848 | AE36: =ABS(AD36/$AB$40) -> 0.00086201832
B37: ='R13'!B794 -> -0.15193 | C37: ='R13'!D794 -> -0.0012353808 | D37: =C37*$O$4 -> -8.7913537 | E37: =1*D37/C37+D37 -> 7107.5192 | F37: =ABS(E37-E43) -> 0.028447114 | G37: =ABS(F37/$D$40) -> 0.0016118249 | J37: ='R5'!B794 -> -0.15193 | K37: ='R5'!D794 -> -0.0013410532 | L37: =K37*$Q$4 -> -9.7178342 | M37: =1*L37/K37+L37 -> 7236.7016 | N37: =ABS(M37-M43) -> 0.068789094 | O37: =ABS(N37/$M$40) -> 9.5182444e-06 | R37: ='R4'!B794 -> -0.15193 | S37: ='R4'!D794 -> -0.0019639038 | T37: =S37*$P$4 -> -14.450198 | U37: =1*T37/S37+T37 -> 7343.4448 | V37: =ABS(U37-U43) -> 0.057117894 | W37: =ABS(V37/$T$40) -> 0.0019817904 | Z37: ='R12'!B794 -> -0.15193 | AA37: ='R12'!D794 -> -0.001907187 | AB37: =AA37*$N$4 -> -14.071404 | AC37: =1*AB37/AA37+AB37 -> 7364.0223 | AD37: =ABS(AC37-AC43) -> 0.032265063 | AE37: =ABS(AD37/$AB$40) -> 0.001149848
B38: ='R13'!B844 -> -0.20189 | C38: ='R13'!D844 -> -0.0016578039 | D38: =C38*$O$4 -> -11.797448 | E38: =1*D38/C38+D38 -> 7104.5131 | F38: =ABS(E38-E42) -> 0.03709173 | G38: =ABS(F38/$D$40) -> 0.0021016323 | J38: ='R5'!B844 -> -0.20189 | K38: ='R5'!D844 -> -0.0017915655 | L38: =K38*$Q$4 -> -12.982435 | M38: =1*L38/K38+L38 -> 7233.437 | N38: =ABS(M38-M42) -> 0.065103895 | O38: =ABS(N38/$M$40) -> 9.0083289e-06 | R38: ='R4'!B844 -> -0.20189 | S38: ='R4'!D844 -> -0.0026265001 | T38: =S38*$P$4 -> -19.325512 | U38: =1*T38/S38+T38 -> 7338.5695 | V38: =ABS(U38-U42) -> 0.043320819 | W38: =ABS(V38/$T$40) -> 0.0015030803 | Z38: ='R12'!B844 -> -0.20189 | AA38: ='R12'!D844 -> -0.0025460302 | AB38: =AA38*$N$4 -> -18.78485 | AC38: =1*AB38/AA38+AB38 -> 7359.3089 | AD38: =ABS(AC38-AC42) -> 0.0083755569 | AE38: =ABS(AD38/$AB$40) -> 0.00029848439
B39: ='R13'!B894 -> -0.25185 | C39: ='R13'!D894 -> -0.0020783271 | D39: =C39*$O$4 -> -14.790021 | E39: =1*D39/C39+D39 -> 7101.5205 | F39: =ABS(E39-E41) -> 0.02957883 | G39: =ABS(F39/$D$40) -> 0.0016759484 | J39: ='R5'!B894 -> -0.25185 | K39: ='R5'!D894 -> -0.0022412694 | L39: =K39*$Q$4 -> -16.241178 | M39: =1*L39/K39+L39 -> 7230.1783 | N39: =ABS(M39-M41) -> 0.051272442 | O39: =ABS(N39/$M$40) -> 7.0944913e-06 | R39: ='R4'!B894 -> -0.25185 | S39: ='R4'!D894 -> -0.0032893731 | T39: =S39*$P$4 -> -24.202862 | U39: =1*T39/S39+T39 -> 7333.6922 | V39: =ABS(U39-U41) -> 0.041144912 | W39: =ABS(V39/$T$40) -> 0.001427584 | Z39: ='R12'!B894 -> -0.25185 | AA39: ='R12'!D894 -> -0.0031901511 | AB39: =AA39*$N$4 -> -23.537234 | AC39: =1*AB39/AA39+AB39 -> 7354.5565 | AD39: =ABS(AC39-AC41) -> 0.033309591 | AE39: =ABS(AD39/$AB$40) -> 0.0011870724
B40: ='R13'!B953 -> -0.29977 | C40: ='R13'!D953 -> -0.0024800788 | D40: =C40*$O$4 -> -17.649011 | E40: =1*D40/C40+D40 -> 7098.6615 | J40: ='R5'!B953 -> -0.29977 | K40: ='R5'!D953 -> -0.0026691051 | L40: =K40*$Q$4 -> -19.341455 | M40: =1*L40/K40+L40 -> 7227.078 | R40: ='R4'!B953 -> -0.29977 | S40: ='R4'!D953 -> -0.003917066 | T40: =S40*$P$4 -> -28.82136 | U40: =1*T40/S40+T40 -> 7329.0737 | Z40: ='R12'!B953 -> -0.29977 | AA40: ='R12'!D953 -> -0.003803189 | AB40: =AA40*$N$4 -> -28.060285 | AC40: =1*AB40/AA40+AB40 -> 7350.0335
B41: ='R13'!B1004 -> -0.24919 | C41: ='R13'!D1004 -> -0.0020741706 | D41: =C41*$O$4 -> -14.760442 | E41: =1*D41/C41+D41 -> 7101.5501 | G41: Max | H41: =MAX(G34:G39) -> 0.0073303407 | J41: ='R5'!B1004 -> -0.24919 | K41: ='R5'!D1004 -> -0.0022341938 | L41: =K41*$Q$4 -> -16.189906 | M41: =1*L41/K41+L41 -> 7230.2295 | O41: Max | P41: =MAX(O34:O39) -> 1.8384417e-05 | R41: ='R4'!B1004 -> -0.24919 | S41: ='R4'!D1004 -> -0.0032837811 | T41: =S41*$P$4 -> -24.161717 | U41: =1*T41/S41+T41 -> 7333.7333 | W41: Max | X41: =MAX(W34:W39) -> 0.0057733787 | Z41: ='R12'!B1004 -> -0.24919 | AA41: ='R12'!D1004 -> -0.0031856364 | AB41: =AA41*$N$4 -> -23.503924 | AC41: =1*AB41/AA41+AB41 -> 7354.5898 | AE41: Max | AF41: =MAX(AE34:AE39) -> 0.0048220762
B42: ='R13'!B1054 -> -0.19915 | C42: ='R13'!D1054 -> -0.0016525917 | D42: =C42*$O$4 -> -11.760356 | E42: =1*D42/C42+D42 -> 7104.5502 | G42: Min | H42: =MIN(G34:G39) -> 0.00023718137 | J42: ='R5'!B1054 -> -0.19915 | K42: ='R5'!D1054 -> -0.0017825812 | L42: =K42*$Q$4 -> -12.917331 | M42: =1*L42/K42+L42 -> 7233.5021 | O42: Min | P42: =MIN(O34:O39) -> 2.5116069e-06 | R42: ='R4'!B1054 -> -0.19915 | S42: ='R4'!D1054 -> -0.0026206124 | T42: =S42*$P$4 -> -19.282191 | U42: =1*T42/S42+T42 -> 7338.6128 | W42: Min | X42: =MIN(W34:W39) -> 0.00020147026 | Z42: ='R12'!B1054 -> -0.19915 | AA42: ='R12'!D1054 -> -0.002544895 | AB42: =AA42*$N$4 -> -18.776474 | AC42: =1*AB42/AA42+AB42 -> 7359.3173 | AE42: Min | AF42: =MIN(AE34:AE39) -> 0.00029848439
B43: ='R13'!B1104 -> -0.14915 | C43: ='R13'!D1104 -> -0.0012313834 | D43: =C43*$O$4 -> -8.7629066 | E43: =1*D43/C43+D43 -> 7107.5476 | G43: Mean | H43: =AVERAGE(G34:G39) -> 0.0030672507 | J43: ='R5'!B1104 -> -0.14915 | K43: ='R5'!D1104 -> -0.0013315604 | L43: =K43*$Q$4 -> -9.6490451 | M43: =1*L43/K43+L43 -> 7236.7704 | O43: Mean | P43: =AVERAGE(O34:O39) -> 9.2976585e-06 | R43: ='R4'!B1104 -> -0.14915 | S43: ='R4'!D1104 -> -0.001956141 | T43: =S43*$P$4 -> -14.39308 | U43: =1*T43/S43+T43 -> 7343.5019 | W43: Mean | X43: =AVERAGE(W34:W39) -> 0.0026351126 | Z43: ='R12'!B1104 -> -0.14915 | AA43: ='R12'!D1104 -> -0.0019028139 | AB43: =AA43*$N$4 -> -14.039139 | AC43: =1*AB43/AA43+AB43 -> 7364.0546 | AE43: Mean | AF43: =AVERAGE(AE34:AE39) -> 0.0020724271
B44: ='R13'!B1153 -> -0.10019 | C44: ='R13'!D1153 -> -0.00082427387 | D44: =C44*$O$4 -> -5.8657888 | E44: =1*D44/C44+D44 -> 7110.4448 | J44: ='R5'!B1153 -> -0.10019 | K44: ='R5'!D1153 -> -0.00089449805 | L44: =K44*$Q$4 -> -6.4819081 | M44: =1*L44/K44+L44 -> 7239.9375 | R44: ='R4'!B1153 -> -0.10019 | S44: ='R4'!D1153 -> -0.0013131509 | T44: =S44*$P$4 -> -9.6620266 | U44: =1*T44/S44+T44 -> 7348.233 | Z44: ='R12'!B1153 -> -0.10019 | AA44: ='R12'!D1153 -> -0.0012779281 | AB44: =AA44*$N$4 -> -9.4286732 | AC44: =1*AB44/AA44+AB44 -> 7368.6651
B45: ='R13'!B1204 -> -0.04923 | C45: ='R13'!D1204 -> -0.00040327834 | D45: =C45*$O$4 -> -2.8698539 | E45: =1*D45/C45+D45 -> 7113.4407 | J45: ='R5'!B1204 -> -0.04923 | K45: ='R5'!D1204 -> -0.00043637093 | L45: =K45*$Q$4 -> -3.1621268 | M45: =1*L45/K45+L45 -> 7243.2573 | R45: ='R4'!B1204 -> -0.04923 | S45: ='R4'!D1204 -> -0.00063989846 | T45: =S45*$P$4 -> -4.7083057 | U45: =1*T45/S45+T45 -> 7353.1867 | Z45: ='R12'!B1204 -> -0.04923 | AA45: ='R12'!D1204 -> -0.00062823913 | AB45: =AA45*$N$4 -> -4.6352072 | AC45: =1*AB45/AA45+AB45 -> 7373.4585
B46: ='R13'!B1381 -> 0 | C46: ='R13'!D1381 -> 1.9000332e-06 | D46: =C46*$O$4 -> 0.013521227 | E46: =1*D46/C46+D46 -> 7116.3241 | J46: ='R5'!B1381 -> 0 | K46: ='R5'!D1381 -> 5.6863598e-06 | L46: =K46*$Q$4 -> 0.041205748 | M46: =1*L46/K46+L46 -> 7246.4606 | R46: ='R4'!B1381 -> 0 | S46: ='R4'!D1381 -> 4.950516e-06 | T46: =S46*$P$4 -> 0.036425377 | U46: =1*T46/S46+T46 -> 7357.9314 | Z46: ='R12'!B1381 -> 0 | AA46: ='R12'!D1381 -> -1.4229324e-06 | AB46: =AA46*$N$4 -> -0.010498529 | AC46: =1*AB46/AA46+AB46 -> 7378.0833
C66: transversal | G66: longitudinal
C67: R13 | E67: R5 | G67: R4 | I67: R12
C68: Zyklus 1 | D68: Zyklus 2 | E68: Zyklus 1 | F68: Zyklus 2 | G68: Zyklus 1 | H68: Zyklus 2 | I68: Zyklus 1 | J68: Zyklus 2
B69: GF | C69: =(D19/$O$4)/(((12*$I$4*B19)/$I$6^3)*(($I$6/2)-$I$9)) -> 5.8140185 | D69: =(D35/$O$4)/(((12*$I$4*B35)/$I$6^3)*(($I$6/2)-$I$9)) -> 5.825477 | E69: =(L19/$Q$4)/(((12*$I$4*J19)/$I$6^3)*(($I$6/2)-$I$9)) -> 6.3312817 | F69: =(L35/$Q$4)/(((12*$I$4*J35)/$I$6^3)*(($I$6/2)-$I$9)) -> 6.3554898 | G69: =(T19/$P$4)/(((12*$I$4*R19)/$I$6^3)*(($I$6/2)-$I$8)) -> 9.0745974 | H69: =(T35/$P$4)/(((12*$I$4*R35)/$I$6^3)*(($I$6/2)-$I$8)) -> 9.0821691 | I69: =(AB19/$N$4)/(((12*$I$4*Z19)/$I$6^3)*(($I$6/2)-$I$8)) -> 8.8324507 | J69: =(AB35/$N$4)/(((12*$I$4*Z35)/$I$6^3)*(($I$6/2)-$I$8)) -> 8.8637248
C70: =(D20/$O$4)/(((12*$I$4*B20)/$I$6^3)*(($I$6/2)-$I$9)) -> 5.8961056 | D70: =(D36/$O$4)/(((12*$I$4*B36)/$I$6^3)*(($I$6/2)-$I$9)) -> 5.8716174 | E70: =(L20/$Q$4)/(((12*$I$4*J20)/$I$6^3)*(($I$6/2)-$I$9)) -> 6.3995389 | F70: =(L36/$Q$4)/(((12*$I$4*J36)/$I$6^3)*(($I$6/2)-$I$9)) -> 6.3851378 | G70: =(T20/$P$4)/(((12*$I$4*R20)/$I$6^3)*(($I$6/2)-$I$8)) -> 9.1930944 | H70: =(T36/$P$4)/(((12*$I$4*R36)/$I$6^3)*(($I$6/2)-$I$8)) -> 9.1733711 | I70: =(AB20/$N$4)/(((12*$I$4*Z20)/$I$6^3)*(($I$6/2)-$I$8)) -> 8.922621 | J70: =(AB36/$N$4)/(((12*$I$4*Z36)/$I$6^3)*(($I$6/2)-$I$8)) -> 8.899062
C71: =(D21/$O$4)/(((12*$I$4*B21)/$I$6^3)*(($I$6/2)-$I$9)) -> 5.9252115 | D71: =(D37/$O$4)/(((12*$I$4*B37)/$I$6^3)*(($I$6/2)-$I$9)) -> 5.8928334 | E71: =(L21/$Q$4)/(((12*$I$4*J21)/$I$6^3)*(($I$6/2)-$I$9)) -> 6.4152708 | F71: =(L37/$Q$4)/(((12*$I$4*J37)/$I$6^3)*(($I$6/2)-$I$9)) -> 6.3968964 | G71: =(T21/$P$4)/(((12*$I$4*R21)/$I$6^3)*(($I$6/2)-$I$8)) -> 9.2156047 | H71: =(T37/$P$4)/(((12*$I$4*R37)/$I$6^3)*(($I$6/2)-$I$8)) -> 9.1879897 | I71: =(AB21/$N$4)/(((12*$I$4*Z21)/$I$6^3)*(($I$6/2)-$I$8)) -> 8.9444816 | J71: =(AB37/$N$4)/(((12*$I$4*Z37)/$I$6^3)*(($I$6/2)-$I$8)) -> 8.922644
C72: =(D22/$O$4)/(((12*$I$4*B22)/$I$6^3)*(($I$6/2)-$I$9)) -> 5.9580433 | D72: =(D38/$O$4)/(((12*$I$4*B38)/$I$6^3)*(($I$6/2)-$I$9)) -> 5.9509348 | E72: =(L22/$Q$4)/(((12*$I$4*J22)/$I$6^3)*(($I$6/2)-$I$9)) -> 6.4303125 | F72: =(L38/$Q$4)/(((12*$I$4*J38)/$I$6^3)*(($I$6/2)-$I$9)) -> 6.431092 | G72: =(T22/$P$4)/(((12*$I$4*R22)/$I$6^3)*(($I$6/2)-$I$8)) -> 9.258107 | H72: =(T38/$P$4)/(((12*$I$4*R38)/$I$6^3)*(($I$6/2)-$I$8)) -> 9.2471191 | I72: =(AB22/$N$4)/(((12*$I$4*Z22)/$I$6^3)*(($I$6/2)-$I$8)) -> 8.9673707 | J72: =(AB38/$N$4)/(((12*$I$4*Z38)/$I$6^3)*(($I$6/2)-$I$8)) -> 8.9638088
C73: =(D23/$O$4)/(((12*$I$4*B23)/$I$6^3)*(($I$6/2)-$I$9)) -> 6.0008123 | D73: =(D39/$O$4)/(((12*$I$4*B39)/$I$6^3)*(($I$6/2)-$I$9)) -> 5.9805178 | E73: =(L23/$Q$4)/(((12*$I$4*J23)/$I$6^3)*(($I$6/2)-$I$9)) -> 6.4599521 | F73: =(L39/$Q$4)/(((12*$I$4*J39)/$I$6^3)*(($I$6/2)-$I$9)) -> 6.4493945 | G73: =(T23/$P$4)/(((12*$I$4*R23)/$I$6^3)*(($I$6/2)-$I$8)) -> 9.301472 | H73: =(T39/$P$4)/(((12*$I$4*R39)/$I$6^3)*(($I$6/2)-$I$8)) -> 9.2835698 | I73: =(AB23/$N$4)/(((12*$I$4*Z23)/$I$6^3)*(($I$6/2)-$I$8)) -> 9.005549 | J73: =(AB39/$N$4)/(((12*$I$4*Z39)/$I$6^3)*(($I$6/2)-$I$8)) -> 9.0035365
C74: =(D24/$O$4)/(((12*$I$4*B24)/$I$6^3)*(($I$6/2)-$I$9)) -> 5.9931362 | D74: =(D40/$O$4)/(((12*$I$4*B40)/$I$6^3)*(($I$6/2)-$I$9)) -> 5.9957587 | E74: =(L24/$Q$4)/(((12*$I$4*J24)/$I$6^3)*(($I$6/2)-$I$9)) -> 6.4681141 | F74: =(L40/$Q$4)/(((12*$I$4*J40)/$I$6^3)*(($I$6/2)-$I$9)) -> 6.4527427 | G74: =(T24/$P$4)/(((12*$I$4*R24)/$I$6^3)*(($I$6/2)-$I$8)) -> 9.3190206 | H74: =(T40/$P$4)/(((12*$I$4*R40)/$I$6^3)*(($I$6/2)-$I$8)) -> 9.2878791 | I74: =(AB24/$N$4)/(((12*$I$4*Z24)/$I$6^3)*(($I$6/2)-$I$8)) -> 8.9933278 | J74: =(AB40/$N$4)/(((12*$I$4*Z40)/$I$6^3)*(($I$6/2)-$I$8)) -> 9.0178617
C75: =(D25/$O$4)/(((12*$I$4*B25)/$I$6^3)*(($I$6/2)-$I$9)) -> 6.0334692 | D75: =(D41/$O$4)/(((12*$I$4*B41)/$I$6^3)*(($I$6/2)-$I$9)) -> 6.0322691 | E75: =(L25/$Q$4)/(((12*$I$4*J25)/$I$6^3)*(($I$6/2)-$I$9)) -> 6.4988714 | F75: =(L41/$Q$4)/(((12*$I$4*J41)/$I$6^3)*(($I$6/2)-$I$9)) -> 6.4976614 | G75: =(T25/$P$4)/(((12*$I$4*R25)/$I$6^3)*(($I$6/2)-$I$8)) -> 9.3733931 | H75: =(T41/$P$4)/(((12*$I$4*R41)/$I$6^3)*(($I$6/2)-$I$8)) -> 9.3667175 | I75: =(AB25/$N$4)/(((12*$I$4*Z25)/$I$6^3)*(($I$6/2)-$I$8)) -> 9.0771653 | J75: =(AB41/$N$4)/(((12*$I$4*Z41)/$I$6^3)*(($I$6/2)-$I$8)) -> 9.0867678
C76: =(D26/$O$4)/(((12*$I$4*B26)/$I$6^3)*(($I$6/2)-$I$9)) -> 6.0201806 | D76: =(D42/$O$4)/(((12*$I$4*B42)/$I$6^3)*(($I$6/2)-$I$9)) -> 6.0138432 | E76: =(L26/$Q$4)/(((12*$I$4*J26)/$I$6^3)*(($I$6/2)-$I$9)) -> 6.4907228 | F76: =(L42/$Q$4)/(((12*$I$4*J42)/$I$6^3)*(($I$6/2)-$I$9)) -> 6.4868798 | G76: =(T26/$P$4)/(((12*$I$4*R26)/$I$6^3)*(($I$6/2)-$I$8)) -> 9.3611985 | H76: =(T42/$P$4)/(((12*$I$4*R42)/$I$6^3)*(($I$6/2)-$I$8)) -> 9.3533314 | I76: =(AB26/$N$4)/(((12*$I$4*Z26)/$I$6^3)*(($I$6/2)-$I$8)) -> 9.0710211 | J76: =(AB42/$N$4)/(((12*$I$4*Z42)/$I$6^3)*(($I$6/2)-$I$8)) -> 9.0830854
C77: =(D27/$O$4)/(((12*$I$4*B27)/$I$6^3)*(($I$6/2)-$I$9)) -> 5.9905758 | D77: =(D43/$O$4)/(((12*$I$4*B43)/$I$6^3)*(($I$6/2)-$I$9)) -> 5.9832461 | E77: =(L27/$Q$4)/(((12*$I$4*J27)/$I$6^3)*(($I$6/2)-$I$9)) -> 6.477629 | F77: =(L43/$Q$4)/(((12*$I$4*J43)/$I$6^3)*(($I$6/2)-$I$9)) -> 6.4700025 | G77: =(T27/$P$4)/(((12*$I$4*R27)/$I$6^3)*(($I$6/2)-$I$8)) -> 9.3339897 | H77: =(T43/$P$4)/(((12*$I$4*R43)/$I$6^3)*(($I$6/2)-$I$8)) -> 9.3222495 | I77: =(AB27/$N$4)/(((12*$I$4*Z27)/$I$6^3)*(($I$6/2)-$I$8)) -> 9.067608 | J77: =(AB43/$N$4)/(((12*$I$4*Z43)/$I$6^3)*(($I$6/2)-$I$8)) -> 9.0681122
C78: =(D28/$O$4)/(((12*$I$4*B28)/$I$6^3)*(($I$6/2)-$I$9)) -> 5.9795038 | D78: =(D44/$O$4)/(((12*$I$4*B44)/$I$6^3)*(($I$6/2)-$I$9)) -> 5.9623023 | E78: =(L28/$Q$4)/(((12*$I$4*J28)/$I$6^3)*(($I$6/2)-$I$9)) -> 6.462366 | F78: =(L44/$Q$4)/(((12*$I$4*J44)/$I$6^3)*(($I$6/2)-$I$9)) -> 6.4702619 | G78: =(T28/$P$4)/(((12*$I$4*R28)/$I$6^3)*(($I$6/2)-$I$8)) -> 9.3235543 | H78: =(T44/$P$4)/(((12*$I$4*R44)/$I$6^3)*(($I$6/2)-$I$8)) -> 9.3160991 | I78: =(AB28/$N$4)/(((12*$I$4*Z28)/$I$6^3)*(($I$6/2)-$I$8)) -> 9.071459 | J78: =(AB44/$N$4)/(((12*$I$4*Z44)/$I$6^3)*(($I$6/2)-$I$8)) -> 9.066212
C79: =(D29/$O$4)/(((12*$I$4*B29)/$I$6^3)*(($I$6/2)-$I$9)) -> 5.9501515 | D79: =(D45/$O$4)/(((12*$I$4*B45)/$I$6^3)*(($I$6/2)-$I$9)) -> 5.9366562 | E79: =(L29/$Q$4)/(((12*$I$4*J29)/$I$6^3)*(($I$6/2)-$I$9)) -> 6.4348743 | F79: =(L45/$Q$4)/(((12*$I$4*J45)/$I$6^3)*(($I$6/2)-$I$9)) -> 6.4238119 | G79: =(T29/$P$4)/(((12*$I$4*R29)/$I$6^3)*(($I$6/2)-$I$8)) -> 9.2730454 | H79: =(T45/$P$4)/(((12*$I$4*R45)/$I$6^3)*(($I$6/2)-$I$8)) -> 9.239002 | I79: =(AB29/$N$4)/(((12*$I$4*Z29)/$I$6^3)*(($I$6/2)-$I$8)) -> 9.044872 | J79: =(AB45/$N$4)/(((12*$I$4*Z45)/$I$6^3)*(($I$6/2)-$I$8)) -> 9.0706619
B81: Mittelwert | C81: =AVERAGE(C70:D78) -> 5.9711312 | E81: =AVERAGE(E70:F78) -> 6.4523804 | G81: =AVERAGE(G70:H78) -> 9.2898756 | I81: =AVERAGE(I70:J78) -> 9.0128719
B82: Stabwa | C82: =STDEVA(C70:D78)/C81 -> 0.0080149317 | E82: =STDEVA(E70:F78)/E81 -> 0.0054811173 | G82: =STDEVA(G70:H78)/G81 -> 0.0068832493 | I82: =STDEVA(I70:J78)/I81 -> 0.0070774665
B85: Mittelwert | C85: =AVERAGE(C70:F78) -> 6.2117558 | G85: =AVERAGE(G70:J78) -> 9.1513737
B86: Stabwa | C86: =STDEVA(C70:F78)/C85 -> 0.039849738 | G86: =STDEVA(G70:J78)/G85 -> 0.016819994
